{
"meta":{"launch_mode":"Train","name":"experiment","iteration_count":1000,"learn_metrics":[{"best_value":"Min","name":"Logloss"}],"test_sets":[],"test_metrics":[],"learn_sets":["learn"]},
"iterations":[
{"learn":[0.6601660899],"iteration":0,"passed_time":0.1739448012,"remaining_time":173.7708564},
{"learn":[0.6341575654],"iteration":1,"passed_time":0.2428821485,"remaining_time":121.1981921},
{"learn":[0.6102752584],"iteration":2,"passed_time":0.4107555342,"remaining_time":136.5077559},
{"learn":[0.5885689878],"iteration":3,"passed_time":0.5574148869,"remaining_time":138.7963069},
{"learn":[0.5708778764],"iteration":4,"passed_time":0.7119727594,"remaining_time":141.6825791},
{"learn":[0.5561536846],"iteration":5,"passed_time":0.7901389246,"remaining_time":130.8996818},
{"learn":[0.5414671686],"iteration":6,"passed_time":0.9332380544,"remaining_time":132.386484},
{"learn":[0.5292088987],"iteration":7,"passed_time":1.03253965,"remaining_time":128.0349166},
{"learn":[0.5184326701],"iteration":8,"passed_time":1.170193285,"remaining_time":128.8512829},
{"learn":[0.5094093355],"iteration":9,"passed_time":1.329996713,"remaining_time":131.6696746},
{"learn":[0.5025584925],"iteration":10,"passed_time":1.410009112,"remaining_time":126.7726374},
{"learn":[0.4954554796],"iteration":11,"passed_time":1.56329868,"remaining_time":128.7115913},
{"learn":[0.4888893421],"iteration":12,"passed_time":1.697132534,"remaining_time":128.8515239},
{"learn":[0.4827545734],"iteration":13,"passed_time":1.843940188,"remaining_time":129.8660732},
{"learn":[0.4778954138],"iteration":14,"passed_time":1.987486834,"remaining_time":130.5116354},
{"learn":[0.4732320493],"iteration":15,"passed_time":2.138644021,"remaining_time":131.5266073},
{"learn":[0.4700417621],"iteration":16,"passed_time":2.268018148,"remaining_time":131.1448141},
{"learn":[0.4663375822],"iteration":17,"passed_time":2.410749843,"remaining_time":131.519797},
{"learn":[0.4634265135],"iteration":18,"passed_time":2.56370168,"remaining_time":132.3679657},
{"learn":[0.4609768035],"iteration":19,"passed_time":2.705979818,"remaining_time":132.5930111},
{"learn":[0.4581808392],"iteration":20,"passed_time":2.849955942,"remaining_time":132.8622318},
{"learn":[0.456363296],"iteration":21,"passed_time":2.992444927,"remaining_time":133.027779},
{"learn":[0.4541998858],"iteration":22,"passed_time":3.141445371,"remaining_time":133.443136},
{"learn":[0.4518184941],"iteration":23,"passed_time":3.283231169,"remaining_time":133.5180676},
{"learn":[0.4505143866],"iteration":24,"passed_time":3.423174137,"remaining_time":133.5037913},
{"learn":[0.4486828275],"iteration":25,"passed_time":3.559729602,"remaining_time":133.3529474},
{"learn":[0.4473989036],"iteration":26,"passed_time":3.70021026,"remaining_time":133.3446142},
{"learn":[0.4464223956],"iteration":27,"passed_time":3.825725257,"remaining_time":132.8073196},
{"learn":[0.4452875263],"iteration":28,"passed_time":3.976968215,"remaining_time":133.1598668},
{"learn":[0.4439503817],"iteration":29,"passed_time":4.123920253,"remaining_time":133.3400882},
{"learn":[0.4430621545],"iteration":30,"passed_time":4.276535442,"remaining_time":133.6762208},
{"learn":[0.4422761916],"iteration":31,"passed_time":4.41839193,"remaining_time":133.6563559},
{"learn":[0.4412700794],"iteration":32,"passed_time":4.55312349,"remaining_time":133.4203156},
{"learn":[0.4403903375],"iteration":33,"passed_time":4.71082451,"remaining_time":133.8428375},
{"learn":[0.439446739],"iteration":34,"passed_time":4.855565736,"remaining_time":133.8748839},
{"learn":[0.4387637332],"iteration":35,"passed_time":5.002154957,"remaining_time":133.9465939},
{"learn":[0.4383083838],"iteration":36,"passed_time":5.119835683,"remaining_time":133.2541017},
{"learn":[0.4374989512],"iteration":37,"passed_time":5.268293691,"remaining_time":133.371014},
{"learn":[0.4368146649],"iteration":38,"passed_time":5.405877297,"remaining_time":133.2063611},
{"learn":[0.4360464426],"iteration":39,"passed_time":5.546159607,"remaining_time":133.1078306},
{"learn":[0.4356732723],"iteration":40,"passed_time":5.670117246,"remaining_time":132.6254253},
{"learn":[0.4352999278],"iteration":41,"passed_time":5.81355527,"remaining_time":132.6044274},
{"learn":[0.4347284246],"iteration":42,"passed_time":5.956612231,"remaining_time":132.5692536},
{"learn":[0.4343217255],"iteration":43,"passed_time":6.091366689,"remaining_time":132.3487853},
{"learn":[0.4340082398],"iteration":44,"passed_time":6.228506803,"remaining_time":132.1827555},
{"learn":[0.4337159019],"iteration":45,"passed_time":6.375475822,"remaining_time":132.2218247},
{"learn":[0.4333882422],"iteration":46,"passed_time":6.517178701,"remaining_time":132.1461979},
{"learn":[0.4330336859],"iteration":47,"passed_time":6.659121762,"remaining_time":132.0725816},
{"learn":[0.43269459],"iteration":48,"passed_time":6.8108973,"remaining_time":132.1870068},
{"learn":[0.432219811],"iteration":49,"passed_time":6.959003676,"remaining_time":132.2210698},
{"learn":[0.4320000945],"iteration":50,"passed_time":7.096924162,"remaining_time":132.0584516},
{"learn":[0.4314989981],"iteration":51,"passed_time":7.240893838,"remaining_time":132.0070646},
{"learn":[0.4311705428],"iteration":52,"passed_time":7.4171151,"remaining_time":132.5284528},
{"learn":[0.4309794289],"iteration":53,"passed_time":7.5509631,"remaining_time":132.2816869},
{"learn":[0.4307058466],"iteration":54,"passed_time":7.686722855,"remaining_time":132.0718745},
{"learn":[0.4303821029],"iteration":55,"passed_time":7.839430108,"remaining_time":132.1503932},
{"learn":[0.4302007056],"iteration":56,"passed_time":7.984283803,"remaining_time":132.0908706},
{"learn":[0.4300015365],"iteration":57,"passed_time":8.141745207,"remaining_time":132.2331722},
{"learn":[0.4296185218],"iteration":58,"passed_time":8.28691826,"remaining_time":132.1693234},
{"learn":[0.4292515727],"iteration":59,"passed_time":8.420048727,"remaining_time":131.9140967},
{"learn":[0.4290849992],"iteration":60,"passed_time":8.551406112,"remaining_time":131.6355793},
{"learn":[0.4288951931],"iteration":61,"passed_time":8.68590587,"remaining_time":131.4093501},
{"learn":[0.4286956112],"iteration":62,"passed_time":8.852298872,"remaining_time":131.6603816},
{"learn":[0.4283463142],"iteration":63,"passed_time":8.98884036,"remaining_time":131.4617903},
{"learn":[0.4280918456],"iteration":64,"passed_time":9.129245398,"remaining_time":131.3206838},
{"learn":[0.4278748766],"iteration":65,"passed_time":9.298652662,"remaining_time":131.590024},
{"learn":[0.4277119496],"iteration":66,"passed_time":9.435267232,"remaining_time":131.3896168},
{"learn":[0.4276112012],"iteration":67,"passed_time":9.568145933,"remaining_time":131.1398825},
{"learn":[0.4274633258],"iteration":68,"passed_time":9.71807539,"remaining_time":131.1235969},
{"learn":[0.4272155281],"iteration":69,"passed_time":9.813686234,"remaining_time":130.3818314},
{"learn":[0.4268974961],"iteration":70,"passed_time":9.963639086,"remaining_time":130.3693058},
{"learn":[0.4267529304],"iteration":71,"passed_time":10.10679938,"remaining_time":130.2654143},
{"learn":[0.4265781882],"iteration":72,"passed_time":10.25543645,"remaining_time":130.2299944},
{"learn":[0.4264279365],"iteration":73,"passed_time":10.38444753,"remaining_time":129.9459245},
{"learn":[0.4263168899],"iteration":74,"passed_time":10.53543746,"remaining_time":129.937062},
{"learn":[0.426118838],"iteration":75,"passed_time":10.67684591,"remaining_time":129.8079687},
{"learn":[0.4260070213],"iteration":76,"passed_time":10.81199323,"remaining_time":129.6035032},
{"learn":[0.4258515821],"iteration":77,"passed_time":10.96491361,"remaining_time":129.6109018},
{"learn":[0.4257386975],"iteration":78,"passed_time":11.10806272,"remaining_time":129.5003262},
{"learn":[0.4256367381],"iteration":79,"passed_time":11.25409532,"remaining_time":129.4220961},
{"learn":[0.4255151768],"iteration":80,"passed_time":11.40043002,"remaining_time":129.3456196},
{"learn":[0.4253449069],"iteration":81,"passed_time":11.54640157,"remaining_time":129.2633737},
{"learn":[0.4252375415],"iteration":82,"passed_time":11.67963814,"remaining_time":129.0388936},
{"learn":[0.4251252165],"iteration":83,"passed_time":11.80236049,"remaining_time":128.701931},
{"learn":[0.4249993265],"iteration":84,"passed_time":11.9372177,"remaining_time":128.5006376},
{"learn":[0.4249210356],"iteration":85,"passed_time":12.06653171,"remaining_time":128.2419765},
{"learn":[0.4247866392],"iteration":86,"passed_time":12.19792341,"remaining_time":128.0080928},
{"learn":[0.4246675787],"iteration":87,"passed_time":12.35013149,"remaining_time":127.9922718},
{"learn":[0.424524657],"iteration":88,"passed_time":12.48365683,"remaining_time":127.7821503},
{"learn":[0.4244274617],"iteration":89,"passed_time":12.61014572,"remaining_time":127.5025845},
{"learn":[0.4243175255],"iteration":90,"passed_time":12.76676784,"remaining_time":127.5273842},
{"learn":[0.4242428713],"iteration":91,"passed_time":12.91377132,"remaining_time":127.4533082},
{"learn":[0.4240800885],"iteration":92,"passed_time":13.05595758,"remaining_time":127.3306831},
{"learn":[0.42397507],"iteration":93,"passed_time":13.18715869,"remaining_time":127.1017635},
{"learn":[0.4238668981],"iteration":94,"passed_time":13.32737514,"remaining_time":126.9607842},
{"learn":[0.4237733687],"iteration":95,"passed_time":13.47017372,"remaining_time":126.8441359},
{"learn":[0.4236972149],"iteration":96,"passed_time":13.60832522,"remaining_time":126.6836874},
{"learn":[0.4235554872],"iteration":97,"passed_time":13.73607919,"remaining_time":126.4279942},
{"learn":[0.4234654508],"iteration":98,"passed_time":13.89715258,"remaining_time":126.478126},
{"learn":[0.423328216],"iteration":99,"passed_time":14.0639205,"remaining_time":126.5752845},
{"learn":[0.4232593455],"iteration":100,"passed_time":14.19079082,"remaining_time":126.3120886},
{"learn":[0.4231541466],"iteration":101,"passed_time":14.33361658,"remaining_time":126.1920361},
{"learn":[0.4230901844],"iteration":102,"passed_time":14.47978451,"remaining_time":126.1006476},
{"learn":[0.4229666489],"iteration":103,"passed_time":14.6202812,"remaining_time":125.9593457},
{"learn":[0.4229170123],"iteration":104,"passed_time":14.73560043,"remaining_time":125.6034513},
{"learn":[0.4228469388],"iteration":105,"passed_time":14.87985324,"remaining_time":125.4961207},
{"learn":[0.422756026],"iteration":106,"passed_time":15.02073628,"remaining_time":125.3599766},
{"learn":[0.4226375373],"iteration":107,"passed_time":15.18100989,"remaining_time":125.3838965},
{"learn":[0.4225076014],"iteration":108,"passed_time":15.32501924,"remaining_time":125.2714875},
{"learn":[0.4224308427],"iteration":109,"passed_time":15.45887611,"remaining_time":125.0763613},
{"learn":[0.4223483974],"iteration":110,"passed_time":15.62261013,"remaining_time":125.1216253},
{"learn":[0.4221916405],"iteration":111,"passed_time":15.77390806,"remaining_time":125.0645568},
{"learn":[0.4220184139],"iteration":112,"passed_time":15.90138591,"remaining_time":124.8188434},
{"learn":[0.4219748846],"iteration":113,"passed_time":16.04727675,"remaining_time":124.7183088},
{"learn":[0.421812633],"iteration":114,"passed_time":16.18957483,"remaining_time":124.5893367},
{"learn":[0.4216745892],"iteration":115,"passed_time":16.29222084,"remaining_time":124.1579588},
{"learn":[0.4216433385],"iteration":116,"passed_time":16.42036007,"remaining_time":123.9245978},
{"learn":[0.421473345],"iteration":117,"passed_time":16.53727881,"remaining_time":123.6091518},
{"learn":[0.4214138949],"iteration":118,"passed_time":16.67803761,"remaining_time":123.4735389},
{"learn":[0.4212974996],"iteration":119,"passed_time":16.82539971,"remaining_time":123.3862645},
{"learn":[0.4212320755],"iteration":120,"passed_time":16.95193685,"remaining_time":123.1467148},
{"learn":[0.4211851772],"iteration":121,"passed_time":17.08407446,"remaining_time":122.9493227},
{"learn":[0.4211197849],"iteration":122,"passed_time":17.22124931,"remaining_time":122.7889077},
{"learn":[0.4210927608],"iteration":123,"passed_time":17.34056073,"remaining_time":122.502671},
{"learn":[0.4210245449],"iteration":124,"passed_time":17.47942059,"remaining_time":122.3559442},
{"learn":[0.4209303669],"iteration":125,"passed_time":17.61482473,"remaining_time":122.1853715},
{"learn":[0.4208776119],"iteration":126,"passed_time":17.77431285,"remaining_time":122.1809064},
{"learn":[0.4208077006],"iteration":127,"passed_time":17.92832033,"remaining_time":122.1366822},
{"learn":[0.4207129983],"iteration":128,"passed_time":18.0973871,"remaining_time":122.1924354},
{"learn":[0.4206514271],"iteration":129,"passed_time":18.25967152,"remaining_time":122.1993401},
{"learn":[0.4206089747],"iteration":130,"passed_time":18.3970938,"remaining_time":122.0387367},
{"learn":[0.4204783842],"iteration":131,"passed_time":18.55592134,"remaining_time":122.0192403},
{"learn":[0.4204315326],"iteration":132,"passed_time":18.67878362,"remaining_time":121.7631985},
{"learn":[0.4203119793],"iteration":133,"passed_time":18.83522466,"remaining_time":121.7261534},
{"learn":[0.420220334],"iteration":134,"passed_time":18.97806024,"remaining_time":121.6001637},
{"learn":[0.4200819735],"iteration":135,"passed_time":19.12995906,"remaining_time":121.5315046},
{"learn":[0.4200123538],"iteration":136,"passed_time":19.26366759,"remaining_time":121.3470447},
{"learn":[0.419920633],"iteration":137,"passed_time":19.39067906,"remaining_time":121.1214881},
{"learn":[0.4198639812],"iteration":138,"passed_time":19.52882685,"remaining_time":120.9663304},
{"learn":[0.4198274316],"iteration":139,"passed_time":19.65603401,"remaining_time":120.7442089},
{"learn":[0.4197747844],"iteration":140,"passed_time":19.78231108,"remaining_time":120.5177675},
{"learn":[0.4197020269],"iteration":141,"passed_time":19.92123796,"remaining_time":120.3691702},
{"learn":[0.4196593297],"iteration":142,"passed_time":20.07564366,"remaining_time":120.3134729},
{"learn":[0.4195621325],"iteration":143,"passed_time":20.23172731,"remaining_time":120.266379},
{"learn":[0.4195034662],"iteration":144,"passed_time":20.37600061,"remaining_time":120.1481416},
{"learn":[0.4193329553],"iteration":145,"passed_time":20.52807132,"remaining_time":120.0751569},
{"learn":[0.4192243777],"iteration":146,"passed_time":20.66691161,"remaining_time":119.9243238},
{"learn":[0.4192056774],"iteration":147,"passed_time":20.80337168,"remaining_time":119.7599505},
{"learn":[0.4191296102],"iteration":148,"passed_time":20.93844574,"remaining_time":119.5880357},
{"learn":[0.4190720205],"iteration":149,"passed_time":21.06953635,"remaining_time":119.3940393},
{"learn":[0.4190528181],"iteration":150,"passed_time":21.20605589,"remaining_time":119.2314003},
{"learn":[0.4190255516],"iteration":151,"passed_time":21.33311825,"remaining_time":119.0163439},
{"learn":[0.4189753258],"iteration":152,"passed_time":21.48618017,"remaining_time":118.94637},
{"learn":[0.4189552075],"iteration":153,"passed_time":21.61277594,"remaining_time":118.7299249},
{"learn":[0.4188792937],"iteration":154,"passed_time":21.75157312,"remaining_time":118.5811567},
{"learn":[0.4188161617],"iteration":155,"passed_time":21.88535665,"remaining_time":118.4053911},
{"learn":[0.418690074],"iteration":156,"passed_time":22.04254013,"remaining_time":118.3558046},
{"learn":[0.4186119943],"iteration":157,"passed_time":22.16919004,"remaining_time":118.1421393},
{"learn":[0.4186061681],"iteration":158,"passed_time":22.263437,"remaining_time":117.7581794},
{"learn":[0.4185589431],"iteration":159,"passed_time":22.38399222,"remaining_time":117.5159592},
{"learn":[0.4184531754],"iteration":160,"passed_time":22.49042551,"remaining_time":117.2016584},
{"learn":[0.4183829206],"iteration":161,"passed_time":22.61271925,"remaining_time":116.9719675},
{"learn":[0.4183306864],"iteration":162,"passed_time":22.74071461,"remaining_time":116.772872},
{"learn":[0.418260522],"iteration":163,"passed_time":22.87671415,"remaining_time":116.6154453},
{"learn":[0.4182091638],"iteration":164,"passed_time":23.01160229,"remaining_time":116.452654},
{"learn":[0.4181465259],"iteration":165,"passed_time":23.14144576,"remaining_time":116.264854},
{"learn":[0.4180309479],"iteration":166,"passed_time":23.28534397,"remaining_time":116.1478534},
{"learn":[0.4179364363],"iteration":167,"passed_time":23.41327128,"remaining_time":115.9514387},
{"learn":[0.4179067599],"iteration":168,"passed_time":23.52657385,"remaining_time":115.6839223},
{"learn":[0.4178733869],"iteration":169,"passed_time":23.67910318,"remaining_time":115.609739},
{"learn":[0.4178250564],"iteration":170,"passed_time":23.8052029,"remaining_time":115.40651},
{"learn":[0.4177661501],"iteration":171,"passed_time":23.9167078,"remaining_time":115.1339189},
{"learn":[0.4176754927],"iteration":172,"passed_time":24.05166999,"remaining_time":114.9753242},
{"learn":[0.4176422738],"iteration":173,"passed_time":24.20577671,"remaining_time":114.9078825},
{"learn":[0.4176169725],"iteration":174,"passed_time":24.36536265,"remaining_time":114.8652811},
{"learn":[0.4175545137],"iteration":175,"passed_time":24.50276939,"remaining_time":114.7175112},
{"learn":[0.4175366599],"iteration":176,"passed_time":24.64011913,"remaining_time":114.5695935},
{"learn":[0.4174870437],"iteration":177,"passed_time":24.78562513,"remaining_time":114.4594599},
{"learn":[0.417464123],"iteration":178,"passed_time":24.92888002,"remaining_time":114.3386061},
{"learn":[0.4173490507],"iteration":179,"passed_time":25.07504197,"remaining_time":114.2307468},
{"learn":[0.4172475694],"iteration":180,"passed_time":25.20672808,"remaining_time":114.056963},
{"learn":[0.4171210627],"iteration":181,"passed_time":25.38147581,"remaining_time":114.0771825},
{"learn":[0.417069683],"iteration":182,"passed_time":25.5292708,"remaining_time":113.9749412},
{"learn":[0.4170222388],"iteration":183,"passed_time":25.66512295,"remaining_time":113.8192409},
{"learn":[0.4169658116],"iteration":184,"passed_time":25.80422374,"remaining_time":113.6780667},
{"learn":[0.4168596919],"iteration":185,"passed_time":25.95531975,"remaining_time":113.5894101},
{"learn":[0.4167755441],"iteration":186,"passed_time":26.09441881,"remaining_time":113.4479278},
{"learn":[0.4167429296],"iteration":187,"passed_time":26.23804478,"remaining_time":113.3260232},
{"learn":[0.4167066874],"iteration":188,"passed_time":26.40187813,"remaining_time":113.2905988},
{"learn":[0.4165967775],"iteration":189,"passed_time":26.54337627,"remaining_time":113.1586041},
{"learn":[0.416532622],"iteration":190,"passed_time":26.67358429,"remaining_time":112.9786895},
{"learn":[0.4164675241],"iteration":191,"passed_time":26.82426667,"remaining_time":112.8854556},
{"learn":[0.4164156644],"iteration":192,"passed_time":26.95231961,"remaining_time":112.6970048},
{"learn":[0.416382596],"iteration":193,"passed_time":27.11184183,"remaining_time":112.6399202},
{"learn":[0.4163255864],"iteration":194,"passed_time":27.23215376,"remaining_time":112.4199168},
{"learn":[0.4162359049],"iteration":195,"passed_time":27.37699688,"remaining_time":112.3015586},
{"learn":[0.4161805185],"iteration":196,"passed_time":27.54805645,"remaining_time":112.2897935},
{"learn":[0.4160514487],"iteration":197,"passed_time":27.69295017,"remaining_time":112.1704345},
{"learn":[0.4159900742],"iteration":198,"passed_time":27.838015,"remaining_time":112.0515076},
{"learn":[0.415944086],"iteration":199,"passed_time":27.98954253,"remaining_time":111.9581701},
{"learn":[0.4158654557],"iteration":200,"passed_time":28.14577091,"remaining_time":111.8829401},
{"learn":[0.4158475033],"iteration":201,"passed_time":28.290121,"remaining_time":111.759983},
{"learn":[0.4157954035],"iteration":202,"passed_time":28.43569878,"remaining_time":111.6416351},
{"learn":[0.4157423055],"iteration":203,"passed_time":28.58939519,"remaining_time":111.5546989},
{"learn":[0.4156814699],"iteration":204,"passed_time":28.73576541,"remaining_time":111.4387},
{"learn":[0.4156344212],"iteration":205,"passed_time":28.86057854,"remaining_time":111.2393173},
{"learn":[0.415578437],"iteration":206,"passed_time":29.00500659,"remaining_time":111.1157982},
{"learn":[0.4155167915],"iteration":207,"passed_time":29.14453506,"remaining_time":110.9734219},
{"learn":[0.4154513229],"iteration":208,"passed_time":29.28027113,"remaining_time":110.8167199},
{"learn":[0.4153498827],"iteration":209,"passed_time":29.40910368,"remaining_time":110.6342472},
{"learn":[0.4152700048],"iteration":210,"passed_time":29.56541648,"remaining_time":110.5550408},
{"learn":[0.4152236874],"iteration":211,"passed_time":29.70075488,"remaining_time":110.3971455},
{"learn":[0.4151808627],"iteration":212,"passed_time":29.84452159,"remaining_time":110.2706032},
{"learn":[0.4151103459],"iteration":213,"passed_time":29.99605648,"remaining_time":110.1724317},
{"learn":[0.4150552869],"iteration":214,"passed_time":30.14218108,"remaining_time":110.05401},
{"learn":[0.4149970138],"iteration":215,"passed_time":30.28369692,"remaining_time":109.9186036},
{"learn":[0.4149355498],"iteration":216,"passed_time":30.42271448,"remaining_time":109.7741264},
{"learn":[0.4148999734],"iteration":217,"passed_time":30.5760255,"remaining_time":109.6809722},
{"learn":[0.4148648846],"iteration":218,"passed_time":30.72055397,"remaining_time":109.5559482},
{"learn":[0.4148042905],"iteration":219,"passed_time":30.87009919,"remaining_time":109.4485335},
{"learn":[0.4147744982],"iteration":220,"passed_time":31.0097527,"remaining_time":109.3058704},
{"learn":[0.4147372356],"iteration":221,"passed_time":31.15958369,"remaining_time":109.1989014},
{"learn":[0.4146298405],"iteration":222,"passed_time":31.30063127,"remaining_time":109.0609439},
{"learn":[0.414580431],"iteration":223,"passed_time":31.4339765,"remaining_time":108.8962757},
{"learn":[0.4145348288],"iteration":224,"passed_time":31.56182152,"remaining_time":108.7129408},
{"learn":[0.4145018036],"iteration":225,"passed_time":31.70934766,"remaining_time":108.5975004},
{"learn":[0.4144683719],"iteration":226,"passed_time":31.85430825,"remaining_time":108.4730409},
{"learn":[0.4143575362],"iteration":227,"passed_time":31.9915172,"remaining_time":108.3221547},
{"learn":[0.4143210806],"iteration":228,"passed_time":32.12739799,"remaining_time":108.1669164},
{"learn":[0.4142913888],"iteration":229,"passed_time":32.25768187,"remaining_time":107.9931089},
{"learn":[0.4142455939],"iteration":230,"passed_time":32.39798098,"remaining_time":107.8530189},
{"learn":[0.4141220643],"iteration":231,"passed_time":32.53779778,"remaining_time":107.7113306},
{"learn":[0.414059739],"iteration":232,"passed_time":32.6731575,"remaining_time":107.5549863},
{"learn":[0.4139998494],"iteration":233,"passed_time":32.82582002,"remaining_time":107.4554621},
{"learn":[0.413932829],"iteration":234,"passed_time":32.98064737,"remaining_time":107.3625329},
{"learn":[0.4138336699],"iteration":235,"passed_time":33.102858,"remaining_time":107.1634895},
{"learn":[0.4137633539],"iteration":236,"passed_time":33.24688063,"remaining_time":107.0353161},
{"learn":[0.4137185104],"iteration":237,"passed_time":33.39345302,"remaining_time":106.9151731},
{"learn":[0.4136835836],"iteration":238,"passed_time":33.52676551,"remaining_time":106.7525881},
{"learn":[0.4136456475],"iteration":239,"passed_time":33.67748343,"remaining_time":106.6453642},
{"learn":[0.4135828865],"iteration":240,"passed_time":33.81876871,"remaining_time":106.5080724},
{"learn":[0.4135237002],"iteration":241,"passed_time":33.9597016,"remaining_time":106.3696438},
{"learn":[0.4134550745],"iteration":242,"passed_time":34.11008441,"remaining_time":106.2606333},
{"learn":[0.4134148937],"iteration":243,"passed_time":34.25022441,"remaining_time":106.1195478},
{"learn":[0.4133669013],"iteration":244,"passed_time":34.39446091,"remaining_time":105.9910938},
{"learn":[0.413278568],"iteration":245,"passed_time":34.53694611,"remaining_time":105.8571438},
{"learn":[0.413173599],"iteration":246,"passed_time":34.69407873,"remaining_time":105.7677785},
{"learn":[0.4131166293],"iteration":247,"passed_time":34.83834485,"remaining_time":105.6388521},
{"learn":[0.4130564645],"iteration":248,"passed_time":34.97584105,"remaining_time":105.4893841},
{"learn":[0.4130235184],"iteration":249,"passed_time":35.12662126,"remaining_time":105.3798638},
{"learn":[0.4129674348],"iteration":250,"passed_time":35.27384314,"remaining_time":105.2593965},
{"learn":[0.4129325581],"iteration":251,"passed_time":35.42191792,"remaining_time":105.1412484},
{"learn":[0.4128346855],"iteration":252,"passed_time":35.55677591,"remaining_time":104.9838403},
{"learn":[0.4127550173],"iteration":253,"passed_time":35.70818273,"remaining_time":104.8752138},
{"learn":[0.4127165374],"iteration":254,"passed_time":35.86610614,"remaining_time":104.7852905},
{"learn":[0.4126805861],"iteration":255,"passed_time":36.01784141,"remaining_time":104.6768516},
{"learn":[0.4125966162],"iteration":256,"passed_time":36.16052134,"remaining_time":104.5418963},
{"learn":[0.4125632763],"iteration":257,"passed_time":36.30493986,"remaining_time":104.4118813},
{"learn":[0.4124974502],"iteration":258,"passed_time":36.44484852,"remaining_time":104.2688523},
{"learn":[0.4124223569],"iteration":259,"passed_time":36.56213619,"remaining_time":104.0614646},
{"learn":[0.4123966176],"iteration":260,"passed_time":36.70371273,"remaining_time":103.9235391},
{"learn":[0.4123730338],"iteration":261,"passed_time":36.83977369,"remaining_time":103.7700496},
{"learn":[0.4123433864],"iteration":262,"passed_time":36.97618564,"remaining_time":103.6176761},
{"learn":[0.4122683608],"iteration":263,"passed_time":37.11714075,"remaining_time":103.4780894},
{"learn":[0.4122115702],"iteration":264,"passed_time":37.26033589,"remaining_time":103.3447052},
{"learn":[0.412164533],"iteration":265,"passed_time":37.39469582,"remaining_time":103.1868674},
{"learn":[0.4121281122],"iteration":266,"passed_time":37.52001158,"remaining_time":103.0043764},
{"learn":[0.4120918285],"iteration":267,"passed_time":37.67273882,"remaining_time":102.8971822},
{"learn":[0.4120573856],"iteration":268,"passed_time":37.83013668,"remaining_time":102.8023417},
{"learn":[0.4120208455],"iteration":269,"passed_time":37.97609631,"remaining_time":102.6761122},
{"learn":[0.411918988],"iteration":270,"passed_time":38.12052209,"remaining_time":102.5456111},
{"learn":[0.4118335417],"iteration":271,"passed_time":38.27264196,"remaining_time":102.4356005},
{"learn":[0.4118095989],"iteration":272,"passed_time":38.4235759,"remaining_time":102.3221234},
{"learn":[0.4117322095],"iteration":273,"passed_time":38.5666751,"remaining_time":102.1876136},
{"learn":[0.411711853],"iteration":274,"passed_time":38.71163964,"remaining_time":102.057959},
{"learn":[0.4116680388],"iteration":275,"passed_time":38.87179417,"remaining_time":101.9680398},
{"learn":[0.4116408967],"iteration":276,"passed_time":39.00618454,"remaining_time":101.8103661},
{"learn":[0.4115525784],"iteration":277,"passed_time":39.12480278,"remaining_time":101.6118979},
{"learn":[0.41153273],"iteration":278,"passed_time":39.2652626,"remaining_time":101.4704457},
{"learn":[0.4114991559],"iteration":279,"passed_time":39.37804139,"remaining_time":101.2578207},
{"learn":[0.4114521506],"iteration":280,"passed_time":39.52228675,"remaining_time":101.1264205},
{"learn":[0.4114174249],"iteration":281,"passed_time":39.6700272,"remaining_time":101.0038281},
{"learn":[0.411391395],"iteration":282,"passed_time":39.81633546,"remaining_time":100.8774294},
{"learn":[0.4113251339],"iteration":283,"passed_time":39.94505501,"remaining_time":100.7065471},
{"learn":[0.411277886],"iteration":284,"passed_time":40.0961326,"remaining_time":100.592052},
{"learn":[0.4112084182],"iteration":285,"passed_time":40.23559291,"remaining_time":100.4482984},
{"learn":[0.4111565807],"iteration":286,"passed_time":40.37494524,"remaining_time":100.3043065},
{"learn":[0.411092074],"iteration":287,"passed_time":40.51962113,"remaining_time":100.1735078},
{"learn":[0.4110477544],"iteration":288,"passed_time":40.65970457,"remaining_time":100.0313147},
{"learn":[0.4110230847],"iteration":289,"passed_time":40.79291018,"remaining_time":99.87229735},
{"learn":[0.4109792844],"iteration":290,"passed_time":40.93230539,"remaining_time":99.72853787},
{"learn":[0.4109426907],"iteration":291,"passed_time":41.07240518,"remaining_time":99.58651666},
{"learn":[0.4109149448],"iteration":292,"passed_time":41.20051812,"remaining_time":99.41558468},
{"learn":[0.4108576558],"iteration":293,"passed_time":41.33896111,"remaining_time":99.26975014},
{"learn":[0.4108188076],"iteration":294,"passed_time":41.46311284,"remaining_time":99.08981204},
{"learn":[0.4107746377],"iteration":295,"passed_time":41.59407399,"remaining_time":98.92644625},
{"learn":[0.4107454144],"iteration":296,"passed_time":41.74887882,"remaining_time":98.81973673},
{"learn":[0.4106936186],"iteration":297,"passed_time":41.89245086,"remaining_time":98.68624329},
{"learn":[0.4106518244],"iteration":298,"passed_time":42.0368183,"remaining_time":98.55454724},
{"learn":[0.4106054129],"iteration":299,"passed_time":42.18296514,"remaining_time":98.42691866},
{"learn":[0.4105748818],"iteration":300,"passed_time":42.29579355,"remaining_time":98.22179299},
{"learn":[0.4105265622],"iteration":301,"passed_time":42.42810377,"remaining_time":98.06230606},
{"learn":[0.4104482306],"iteration":302,"passed_time":42.55272991,"remaining_time":97.8853226},
{"learn":[0.4104111034],"iteration":303,"passed_time":42.70820026,"remaining_time":97.7793006},
{"learn":[0.4103265128],"iteration":304,"passed_time":42.86549014,"remaining_time":97.67710049},
{"learn":[0.4102986363],"iteration":305,"passed_time":43.02403298,"remaining_time":97.57738198},
{"learn":[0.410254005],"iteration":306,"passed_time":43.16821129,"remaining_time":97.4448548},
{"learn":[0.4102148312],"iteration":307,"passed_time":43.3026889,"remaining_time":97.29045687},
{"learn":[0.4101603017],"iteration":308,"passed_time":43.44252703,"remaining_time":97.14817534},
{"learn":[0.4101015917],"iteration":309,"passed_time":43.57706463,"remaining_time":96.9941116},
{"learn":[0.4100416789],"iteration":310,"passed_time":43.71746307,"remaining_time":96.85315774},
{"learn":[0.4099967734],"iteration":311,"passed_time":43.85364882,"remaining_time":96.70291791},
{"learn":[0.409931255],"iteration":312,"passed_time":44.00981112,"remaining_time":96.59661418},
{"learn":[0.4098979602],"iteration":313,"passed_time":44.15556611,"remaining_time":96.46725589},
{"learn":[0.4098477835],"iteration":314,"passed_time":44.29351188,"remaining_time":96.32081156},
{"learn":[0.409776981],"iteration":315,"passed_time":44.44685321,"remaining_time":96.20774556},
{"learn":[0.4097271565],"iteration":316,"passed_time":44.60665612,"remaining_time":96.10834742},
{"learn":[0.4096468347],"iteration":317,"passed_time":44.75241477,"remaining_time":95.97844928},
{"learn":[0.4096152505],"iteration":318,"passed_time":44.87007026,"remaining_time":95.78845719},
{"learn":[0.4095755652],"iteration":319,"passed_time":45.00914494,"remaining_time":95.64443299},
{"learn":[0.4095526903],"iteration":320,"passed_time":45.13698027,"remaining_time":95.47666544},
{"learn":[0.4095247987],"iteration":321,"passed_time":45.27617581,"remaining_time":95.33306583},
{"learn":[0.4094597473],"iteration":322,"passed_time":45.40391409,"remaining_time":95.16547937},
{"learn":[0.4094187424],"iteration":323,"passed_time":45.54319996,"remaining_time":95.02223202},
{"learn":[0.4093571217],"iteration":324,"passed_time":45.68549989,"remaining_time":94.885269},
{"learn":[0.4092968924],"iteration":325,"passed_time":45.82795561,"remaining_time":94.74859534},
{"learn":[0.4092484409],"iteration":326,"passed_time":45.97602991,"remaining_time":94.62344994},
{"learn":[0.409228997],"iteration":327,"passed_time":46.12583159,"remaining_time":94.50170374},
{"learn":[0.4091586244],"iteration":328,"passed_time":46.25685808,"remaining_time":94.34149475},
{"learn":[0.4091056943],"iteration":329,"passed_time":46.41165711,"remaining_time":94.22972808},
{"learn":[0.4090634453],"iteration":330,"passed_time":46.5697785,"remaining_time":94.12441636},
{"learn":[0.4090340239],"iteration":331,"passed_time":46.6943099,"remaining_time":93.95120185},
{"learn":[0.4089934384],"iteration":332,"passed_time":46.83304888,"remaining_time":93.80673755},
{"learn":[0.4089548566],"iteration":333,"passed_time":46.9772713,"remaining_time":93.67324158},
{"learn":[0.4089119756],"iteration":334,"passed_time":47.12990456,"remaining_time":93.55637772},
{"learn":[0.4088878323],"iteration":335,"passed_time":47.23810267,"remaining_time":93.35148862},
{"learn":[0.4088604506],"iteration":336,"passed_time":47.39079075,"remaining_time":93.2347011},
{"learn":[0.4088265005],"iteration":337,"passed_time":47.51405886,"remaining_time":93.06007977},
{"learn":[0.4087989074],"iteration":338,"passed_time":47.6463125,"remaining_time":92.90328189},
{"learn":[0.4087630882],"iteration":339,"passed_time":47.78784597,"remaining_time":92.76464219},
{"learn":[0.4087164516],"iteration":340,"passed_time":47.92913946,"remaining_time":92.6255217},
{"learn":[0.4086554741],"iteration":341,"passed_time":48.09055119,"remaining_time":92.52509556},
{"learn":[0.4086360867],"iteration":342,"passed_time":48.24686665,"remaining_time":92.41455215},
{"learn":[0.4086142223],"iteration":343,"passed_time":48.38881402,"remaining_time":92.27634301},
{"learn":[0.4085802751],"iteration":344,"passed_time":48.51152219,"remaining_time":92.10158561},
{"learn":[0.408550625],"iteration":345,"passed_time":48.64061992,"remaining_time":91.93920643},
{"learn":[0.4085113745],"iteration":346,"passed_time":48.77489166,"remaining_time":91.78675578},
{"learn":[0.4084877393],"iteration":347,"passed_time":48.91288617,"remaining_time":91.64138443},
{"learn":[0.4084285803],"iteration":348,"passed_time":49.04332061,"remaining_time":91.48195334},
{"learn":[0.4083912073],"iteration":349,"passed_time":49.1963735,"remaining_time":91.36469365},
{"learn":[0.4083572351],"iteration":350,"passed_time":49.34005301,"remaining_time":91.22989858},
{"learn":[0.4083275936],"iteration":351,"passed_time":49.46749135,"remaining_time":91.06515453},
{"learn":[0.4082883822],"iteration":352,"passed_time":49.60556608,"remaining_time":90.92011687},
{"learn":[0.4082489164],"iteration":353,"passed_time":49.73791484,"remaining_time":90.76466945},
{"learn":[0.4082177637],"iteration":354,"passed_time":49.86886951,"remaining_time":90.60681925},
{"learn":[0.4081758897],"iteration":355,"passed_time":50.00698497,"remaining_time":90.46207394},
{"learn":[0.4081480039],"iteration":356,"passed_time":50.14351355,"remaining_time":90.3145076},
{"learn":[0.4080804945],"iteration":357,"passed_time":50.29283647,"remaining_time":90.18994697},
{"learn":[0.4080335017],"iteration":358,"passed_time":50.4324708,"remaining_time":90.04794925},
{"learn":[0.4079590413],"iteration":359,"passed_time":50.58854756,"remaining_time":89.93519565},
{"learn":[0.4078836451],"iteration":360,"passed_time":50.73218092,"remaining_time":89.80017619},
{"learn":[0.4078342512],"iteration":361,"passed_time":50.87616692,"remaining_time":89.66573066},
{"learn":[0.4078034292],"iteration":362,"passed_time":51.01897041,"remaining_time":89.52915743},
{"learn":[0.4077685834],"iteration":363,"passed_time":51.16410931,"remaining_time":89.39663056},
{"learn":[0.4077538246],"iteration":364,"passed_time":51.30795142,"remaining_time":89.26177851},
{"learn":[0.4076987187],"iteration":365,"passed_time":51.44619661,"remaining_time":89.11718211},
{"learn":[0.4076706834],"iteration":366,"passed_time":51.58670192,"remaining_time":88.97651857},
{"learn":[0.4076171632],"iteration":367,"passed_time":51.72624037,"remaining_time":88.83419542},
{"learn":[0.4075937043],"iteration":368,"passed_time":51.85463461,"remaining_time":88.67283046},
{"learn":[0.4075709353],"iteration":369,"passed_time":51.99666579,"remaining_time":88.53486337},
{"learn":[0.4075352256],"iteration":370,"passed_time":52.11703954,"remaining_time":88.36015598},
{"learn":[0.4074813121],"iteration":371,"passed_time":52.2779786,"remaining_time":88.25422193},
{"learn":[0.4074231301],"iteration":372,"passed_time":52.41688269,"remaining_time":88.11095293},
{"learn":[0.4073903226],"iteration":373,"passed_time":52.55228888,"remaining_time":87.96185251},
{"learn":[0.4073495134],"iteration":374,"passed_time":52.67781799,"remaining_time":87.79636332},
{"learn":[0.407264464],"iteration":375,"passed_time":52.82973669,"remaining_time":87.67488217},
{"learn":[0.4071556585],"iteration":376,"passed_time":52.98128599,"remaining_time":87.5526291},
{"learn":[0.4071138582],"iteration":377,"passed_time":53.12334518,"remaining_time":87.41460503},
{"learn":[0.4070745145],"iteration":378,"passed_time":53.2671618,"remaining_time":87.27943926},
{"learn":[0.4070257227],"iteration":379,"passed_time":53.41348701,"remaining_time":87.14832091},
{"learn":[0.4069923252],"iteration":380,"passed_time":53.55763094,"remaining_time":87.01357888},
{"learn":[0.4069437793],"iteration":381,"passed_time":53.69352411,"remaining_time":86.86543953},
{"learn":[0.4069176291],"iteration":382,"passed_time":53.83291424,"remaining_time":86.72299761},
{"learn":[0.4068976273],"iteration":383,"passed_time":53.96533004,"remaining_time":86.56938361},
{"learn":[0.4068687188],"iteration":384,"passed_time":54.11664001,"remaining_time":86.44606132},
{"learn":[0.4068457094],"iteration":385,"passed_time":54.26859295,"remaining_time":86.32361677},
{"learn":[0.4068347659],"iteration":386,"passed_time":54.40283522,"remaining_time":86.17296638},
{"learn":[0.4066990742],"iteration":387,"passed_time":54.54209556,"remaining_time":86.03031568},
{"learn":[0.4066623414],"iteration":388,"passed_time":54.67996489,"remaining_time":85.88549755},
{"learn":[0.4066446884],"iteration":389,"passed_time":54.8136511,"remaining_time":85.73417224},
{"learn":[0.4066065887],"iteration":390,"passed_time":54.95159512,"remaining_time":85.58956886},
{"learn":[0.4065757085],"iteration":391,"passed_time":55.08240119,"remaining_time":85.43392837},
{"learn":[0.4065296141],"iteration":392,"passed_time":55.22999593,"remaining_time":85.30434486},
{"learn":[0.4065095797],"iteration":393,"passed_time":55.34954572,"remaining_time":85.13153479},
{"learn":[0.4064769202],"iteration":394,"passed_time":55.49577848,"remaining_time":84.99986324},
{"learn":[0.406424086],"iteration":395,"passed_time":55.61526114,"remaining_time":84.82731749},
{"learn":[0.4063612348],"iteration":396,"passed_time":55.75869794,"remaining_time":84.69142282},
{"learn":[0.4063414086],"iteration":397,"passed_time":55.91284889,"remaining_time":84.57169606},
{"learn":[0.4063232265],"iteration":398,"passed_time":56.03773198,"remaining_time":84.40771158},
{"learn":[0.4062654638],"iteration":399,"passed_time":56.18005315,"remaining_time":84.27007973},
{"learn":[0.4061836141],"iteration":400,"passed_time":56.35615478,"remaining_time":84.18288457},
{"learn":[0.4061467766],"iteration":401,"passed_time":56.50236495,"remaining_time":84.0507817},
{"learn":[0.4060778575],"iteration":402,"passed_time":56.65276847,"remaining_time":83.92482078},
{"learn":[0.4060698011],"iteration":403,"passed_time":56.78058829,"remaining_time":83.76542233},
{"learn":[0.4060491193],"iteration":404,"passed_time":56.92472048,"remaining_time":83.6301449},
{"learn":[0.4060244431],"iteration":405,"passed_time":57.08145626,"remaining_time":83.51326359},
{"learn":[0.4059127098],"iteration":406,"passed_time":57.23229006,"remaining_time":83.38758724},
{"learn":[0.4058860454],"iteration":407,"passed_time":57.40255453,"remaining_time":83.28998109},
{"learn":[0.4058705877],"iteration":408,"passed_time":57.55209085,"remaining_time":83.1620677},
{"learn":[0.4058430612],"iteration":409,"passed_time":57.68665556,"remaining_time":83.01250434},
{"learn":[0.4058221448],"iteration":410,"passed_time":57.82102005,"remaining_time":82.86272703},
{"learn":[0.4058017451],"iteration":411,"passed_time":57.96489973,"remaining_time":82.72660447},
{"learn":[0.4057868403],"iteration":412,"passed_time":58.09467797,"remaining_time":82.57040186},
{"learn":[0.4057579876],"iteration":413,"passed_time":58.2361648,"remaining_time":82.43089994},
{"learn":[0.4057408398],"iteration":414,"passed_time":58.39169202,"remaining_time":82.31118032},
{"learn":[0.4057037685],"iteration":415,"passed_time":58.53876372,"remaining_time":82.1794183},
{"learn":[0.4056825964],"iteration":416,"passed_time":58.67702041,"remaining_time":82.03525876},
{"learn":[0.4056593543],"iteration":417,"passed_time":58.82531326,"remaining_time":81.90510124},
{"learn":[0.4056226853],"iteration":418,"passed_time":58.95076824,"remaining_time":81.74318938},
{"learn":[0.4056014054],"iteration":419,"passed_time":59.05802637,"remaining_time":81.55632213},
{"learn":[0.4055528028],"iteration":420,"passed_time":59.19595729,"remaining_time":81.41201727},
{"learn":[0.4055155882],"iteration":421,"passed_time":59.32018393,"remaining_time":81.2489723},
{"learn":[0.4054777404],"iteration":422,"passed_time":59.45962647,"remaining_time":81.10686637},
{"learn":[0.4054456625],"iteration":423,"passed_time":59.60614613,"remaining_time":80.97438719},
{"learn":[0.4054258052],"iteration":424,"passed_time":59.74470041,"remaining_time":80.83106526},
{"learn":[0.4053889816],"iteration":425,"passed_time":59.89317315,"remaining_time":80.70113002},
{"learn":[0.4053639373],"iteration":426,"passed_time":60.02309061,"remaining_time":80.54620824},
{"learn":[0.4053433077],"iteration":427,"passed_time":60.14630874,"remaining_time":80.38245},
{"learn":[0.4053106956],"iteration":428,"passed_time":60.29003085,"remaining_time":80.2461716},
{"learn":[0.4052815131],"iteration":429,"passed_time":60.41784951,"remaining_time":80.08877725},
{"learn":[0.4052329313],"iteration":430,"passed_time":60.56983034,"remaining_time":79.96341871},
{"learn":[0.4052054402],"iteration":431,"passed_time":60.70305199,"remaining_time":79.81327205},
{"learn":[0.4051779473],"iteration":432,"passed_time":60.83043623,"remaining_time":79.65555969},
{"learn":[0.4051526286],"iteration":433,"passed_time":60.97933947,"remaining_time":79.52605101},
{"learn":[0.4051277139],"iteration":434,"passed_time":61.11330864,"remaining_time":79.37705605},
{"learn":[0.4050425928],"iteration":435,"passed_time":61.2514914,"remaining_time":79.23358061},
{"learn":[0.4049691305],"iteration":436,"passed_time":61.39411436,"remaining_time":79.09584985},
{"learn":[0.4049379501],"iteration":437,"passed_time":61.5502314,"remaining_time":78.97541106},
{"learn":[0.4049206291],"iteration":438,"passed_time":61.69280524,"remaining_time":78.83750283},
{"learn":[0.4048962477],"iteration":439,"passed_time":61.83059516,"remaining_time":78.69348475},
{"learn":[0.4048904394],"iteration":440,"passed_time":61.98471122,"remaining_time":78.57018951},
{"learn":[0.4048539063],"iteration":441,"passed_time":62.12988017,"remaining_time":78.43545958},
{"learn":[0.4048164556],"iteration":442,"passed_time":62.24709279,"remaining_time":78.26553202},
{"learn":[0.4047887906],"iteration":443,"passed_time":62.39827007,"remaining_time":78.13837423},
{"learn":[0.4047522621],"iteration":444,"passed_time":62.53422926,"remaining_time":77.99212863},
{"learn":[0.4047442884],"iteration":445,"passed_time":62.68104156,"remaining_time":77.85941036},
{"learn":[0.40470099],"iteration":446,"passed_time":62.79712727,"remaining_time":77.68861606},
{"learn":[0.4046508042],"iteration":447,"passed_time":62.91858642,"remaining_time":77.52468684},
{"learn":[0.4046008751],"iteration":448,"passed_time":63.0311642,"remaining_time":77.35004783},
{"learn":[0.4045562658],"iteration":449,"passed_time":63.16888561,"remaining_time":77.20641574},
{"learn":[0.4044471983],"iteration":450,"passed_time":63.30585665,"remaining_time":77.06189646},
{"learn":[0.4044067118],"iteration":451,"passed_time":63.44661044,"remaining_time":76.92199672},
{"learn":[0.4043846379],"iteration":452,"passed_time":63.6155519,"remaining_time":76.81613},
{"learn":[0.404355009],"iteration":453,"passed_time":63.76370237,"remaining_time":76.68498127},
{"learn":[0.4043313918],"iteration":454,"passed_time":63.90383248,"remaining_time":76.54415099},
{"learn":[0.4043041565],"iteration":455,"passed_time":64.03547932,"remaining_time":76.3932034},
{"learn":[0.4042546211],"iteration":456,"passed_time":64.17083274,"remaining_time":76.24674438},
{"learn":[0.404180827],"iteration":457,"passed_time":64.31075741,"remaining_time":76.10574349},
{"learn":[0.4041567535],"iteration":458,"passed_time":64.46768423,"remaining_time":75.98478686},
{"learn":[0.4041241854],"iteration":459,"passed_time":64.62937647,"remaining_time":75.86926804},
{"learn":[0.404087648],"iteration":460,"passed_time":64.78405596,"remaining_time":75.74534959},
{"learn":[0.4040632014],"iteration":461,"passed_time":64.91568567,"remaining_time":75.59445648},
{"learn":[0.4040352483],"iteration":462,"passed_time":65.04875829,"remaining_time":75.44532009},
{"learn":[0.4039942457],"iteration":463,"passed_time":65.18647397,"remaining_time":75.30161649},
{"learn":[0.4038621666],"iteration":464,"passed_time":65.33339408,"remaining_time":75.16852868},
{"learn":[0.4038061576],"iteration":465,"passed_time":65.47644078,"remaining_time":75.03094287},
{"learn":[0.4037802819],"iteration":466,"passed_time":65.60509274,"remaining_time":74.87690456},
{"learn":[0.4037474892],"iteration":467,"passed_time":65.72170369,"remaining_time":74.7092871},
{"learn":[0.4037006454],"iteration":468,"passed_time":65.8767189,"remaining_time":74.58536831},
{"learn":[0.4036699112],"iteration":469,"passed_time":66.01932056,"remaining_time":74.44731893},
{"learn":[0.4036522074],"iteration":470,"passed_time":66.16518557,"remaining_time":74.31291543},
{"learn":[0.4036132706],"iteration":471,"passed_time":66.30476272,"remaining_time":74.17142949},
{"learn":[0.4035758831],"iteration":472,"passed_time":66.4489711,"remaining_time":74.03511156},
{"learn":[0.4035243534],"iteration":473,"passed_time":66.59623555,"remaining_time":73.90215169},
{"learn":[0.4034564279],"iteration":474,"passed_time":66.7712428,"remaining_time":73.79979467},
{"learn":[0.4033940738],"iteration":475,"passed_time":66.91278137,"remaining_time":73.66028873},
{"learn":[0.4033471806],"iteration":476,"passed_time":67.05271956,"remaining_time":73.51901956},
{"learn":[0.4032809362],"iteration":477,"passed_time":67.19890822,"remaining_time":73.38458177},
{"learn":[0.4032586431],"iteration":478,"passed_time":67.34553752,"remaining_time":73.25057421},
{"learn":[0.4032023505],"iteration":479,"passed_time":67.50426039,"remaining_time":73.12961543},
{"learn":[0.4031683491],"iteration":480,"passed_time":67.64939534,"remaining_time":72.99383822},
{"learn":[0.4031423888],"iteration":481,"passed_time":67.80522688,"remaining_time":72.86951769},
{"learn":[0.4031241787],"iteration":482,"passed_time":67.92689728,"remaining_time":72.70850081},
{"learn":[0.4031057361],"iteration":483,"passed_time":68.04195478,"remaining_time":72.54059642},
{"learn":[0.4030651645],"iteration":484,"passed_time":68.19063216,"remaining_time":72.40860941},
{"learn":[0.4030468771],"iteration":485,"passed_time":68.31079043,"remaining_time":72.24639152},
{"learn":[0.4030222478],"iteration":486,"passed_time":68.46360278,"remaining_time":72.11874379},
{"learn":[0.402998267],"iteration":487,"passed_time":68.60106445,"remaining_time":71.97488729},
{"learn":[0.4029663189],"iteration":488,"passed_time":68.74599957,"remaining_time":71.83886663},
{"learn":[0.4029392652],"iteration":489,"passed_time":68.88951601,"remaining_time":71.70133299},
{"learn":[0.4029041299],"iteration":490,"passed_time":69.01892103,"remaining_time":71.54914624},
{"learn":[0.4028039132],"iteration":491,"passed_time":69.14866169,"remaining_time":71.39739865},
{"learn":[0.4027739389],"iteration":492,"passed_time":69.25602434,"remaining_time":71.22272686},
{"learn":[0.4027225419],"iteration":493,"passed_time":69.37662428,"remaining_time":71.06188641},
{"learn":[0.4026947226],"iteration":494,"passed_time":69.52291918,"remaining_time":70.9274226},
{"learn":[0.402594259],"iteration":495,"passed_time":69.67944862,"remaining_time":70.80331069},
{"learn":[0.4025601082],"iteration":496,"passed_time":69.83907454,"remaining_time":70.6822022},
{"learn":[0.4025363205],"iteration":497,"passed_time":69.98442359,"remaining_time":70.54654748},
{"learn":[0.4025135035],"iteration":498,"passed_time":70.13127494,"remaining_time":70.41236221},
{"learn":[0.4024831446],"iteration":499,"passed_time":70.26726733,"remaining_time":70.26726733},
{"learn":[0.4024517994],"iteration":500,"passed_time":70.39016486,"remaining_time":70.1091662},
{"learn":[0.4024211367],"iteration":501,"passed_time":70.53737925,"remaining_time":69.97532842},
{"learn":[0.4023828996],"iteration":502,"passed_time":70.66973923,"remaining_time":69.82676023},
{"learn":[0.4023482392],"iteration":503,"passed_time":70.83764025,"remaining_time":69.71323326},
{"learn":[0.4023131208],"iteration":504,"passed_time":70.96221674,"remaining_time":69.55702433},
{"learn":[0.4022705222],"iteration":505,"passed_time":71.10762551,"remaining_time":69.42127866},
{"learn":[0.4022568214],"iteration":506,"passed_time":71.26607302,"remaining_time":69.29817357},
{"learn":[0.4022203268],"iteration":507,"passed_time":71.42118595,"remaining_time":69.17169978},
{"learn":[0.4021652192],"iteration":508,"passed_time":71.58832413,"remaining_time":69.05671345},
{"learn":[0.4021145437],"iteration":509,"passed_time":71.75241374,"remaining_time":68.93859359},
{"learn":[0.4020693805],"iteration":510,"passed_time":71.91302249,"remaining_time":68.81696281},
{"learn":[0.4020435564],"iteration":511,"passed_time":72.06535017,"remaining_time":68.68728688},
{"learn":[0.4020050515],"iteration":512,"passed_time":72.20306467,"remaining_time":68.54365008},
{"learn":[0.4019803135],"iteration":513,"passed_time":72.32558032,"remaining_time":68.38566544},
{"learn":[0.4019618292],"iteration":514,"passed_time":72.47437481,"remaining_time":68.25256657},
{"learn":[0.4019325464],"iteration":515,"passed_time":72.62191458,"remaining_time":68.11822995},
{"learn":[0.4019201325],"iteration":516,"passed_time":72.76389814,"remaining_time":67.97865146},
{"learn":[0.40188816],"iteration":517,"passed_time":72.90636431,"remaining_time":67.83951273},
{"learn":[0.4018584461],"iteration":518,"passed_time":73.03633807,"remaining_time":67.68878345},
{"learn":[0.4018179773],"iteration":519,"passed_time":73.18063824,"remaining_time":67.55135837},
{"learn":[0.4018114469],"iteration":520,"passed_time":73.3254853,"remaining_time":67.41440971},
{"learn":[0.401777592],"iteration":521,"passed_time":73.45716872,"remaining_time":67.26537672},
{"learn":[0.4017578865],"iteration":522,"passed_time":73.61126045,"remaining_time":67.13684749},
{"learn":[0.4017199014],"iteration":523,"passed_time":73.75415571,"remaining_time":66.99804984},
{"learn":[0.4016929495],"iteration":524,"passed_time":73.88357208,"remaining_time":66.84704141},
{"learn":[0.4016746747],"iteration":525,"passed_time":74.01944292,"remaining_time":66.70193145},
{"learn":[0.4016426281],"iteration":526,"passed_time":74.15137988,"remaining_time":66.55332577},
{"learn":[0.4015898709],"iteration":527,"passed_time":74.27390656,"remaining_time":66.39637102},
{"learn":[0.4015602235],"iteration":528,"passed_time":74.40696079,"remaining_time":66.24891972},
{"learn":[0.4015347727],"iteration":529,"passed_time":74.54227914,"remaining_time":66.10353056},
{"learn":[0.4015144454],"iteration":530,"passed_time":74.64257019,"remaining_time":65.92724184},
{"learn":[0.401466382],"iteration":531,"passed_time":74.7711762,"remaining_time":65.77614749},
{"learn":[0.4014339478],"iteration":532,"passed_time":74.90375477,"remaining_time":65.62861815},
{"learn":[0.4014032394],"iteration":533,"passed_time":75.03406023,"remaining_time":65.47916117},
{"learn":[0.4013778549],"iteration":534,"passed_time":75.17371719,"remaining_time":65.33790373},
{"learn":[0.4013342997],"iteration":535,"passed_time":75.29974432,"remaining_time":65.18485329},
{"learn":[0.4013143462],"iteration":536,"passed_time":75.44586399,"remaining_time":65.04922724},
{"learn":[0.4012912983],"iteration":537,"passed_time":75.57693329,"remaining_time":64.90063788},
{"learn":[0.4012763098],"iteration":538,"passed_time":75.72816009,"remaining_time":64.76935399},
{"learn":[0.4012228451],"iteration":539,"passed_time":75.87506738,"remaining_time":64.63431666},
{"learn":[0.401184297],"iteration":540,"passed_time":76.04009374,"remaining_time":64.51460818},
{"learn":[0.401163313],"iteration":541,"passed_time":76.18090427,"remaining_time":64.37426966},
{"learn":[0.4011226779],"iteration":542,"passed_time":76.33138961,"remaining_time":64.24207192},
{"learn":[0.4010905397],"iteration":543,"passed_time":76.46849354,"remaining_time":64.09859017},
{"learn":[0.4010559579],"iteration":544,"passed_time":76.64002626,"remaining_time":63.98387513},
{"learn":[0.401020235],"iteration":545,"passed_time":76.78030428,"remaining_time":63.84296363},
{"learn":[0.4009554965],"iteration":546,"passed_time":76.92527273,"remaining_time":63.70593885},
{"learn":[0.4009250252],"iteration":547,"passed_time":77.06583027,"remaining_time":63.56524687},
{"learn":[0.400901811],"iteration":548,"passed_time":77.19436103,"remaining_time":63.41467545},
{"learn":[0.4008811679],"iteration":549,"passed_time":77.30879986,"remaining_time":63.25265443},
{"learn":[0.4008610065],"iteration":550,"passed_time":77.43870329,"remaining_time":63.10340795},
{"learn":[0.4008306203],"iteration":551,"passed_time":77.57120634,"remaining_time":62.95634138},
{"learn":[0.4008034001],"iteration":552,"passed_time":77.70917918,"remaining_time":62.81374881},
{"learn":[0.4007658841],"iteration":553,"passed_time":77.84581025,"remaining_time":62.67009273},
{"learn":[0.400705797],"iteration":554,"passed_time":77.99926389,"remaining_time":62.53995033},
{"learn":[0.400685382],"iteration":555,"passed_time":78.15200154,"remaining_time":62.40915231},
{"learn":[0.400655071],"iteration":556,"passed_time":78.28920434,"remaining_time":62.26592015},
{"learn":[0.4006217191],"iteration":557,"passed_time":78.42446143,"remaining_time":62.12116837},
{"learn":[0.4005888859],"iteration":558,"passed_time":78.57960613,"remaining_time":61.99214008},
{"learn":[0.4005510064],"iteration":559,"passed_time":78.71637339,"remaining_time":61.84857909},
{"learn":[0.4005252341],"iteration":560,"passed_time":78.85903069,"remaining_time":61.70965147},
{"learn":[0.4004963022],"iteration":561,"passed_time":78.99356349,"remaining_time":61.56437866},
{"learn":[0.4004753257],"iteration":562,"passed_time":79.13292743,"remaining_time":61.42289394},
{"learn":[0.4004476682],"iteration":563,"passed_time":79.26902429,"remaining_time":61.27889112},
{"learn":[0.4004337207],"iteration":564,"passed_time":79.38472764,"remaining_time":61.11921508},
{"learn":[0.4004011388],"iteration":565,"passed_time":79.52741014,"remaining_time":60.98038163},
{"learn":[0.4003883259],"iteration":566,"passed_time":79.65744356,"remaining_time":60.83187488},
{"learn":[0.4003435168],"iteration":567,"passed_time":79.81354499,"remaining_time":60.70325957},
{"learn":[0.4003075704],"iteration":568,"passed_time":79.95001701,"remaining_time":60.55967897},
{"learn":[0.4002633199],"iteration":569,"passed_time":80.10646829,"remaining_time":60.43119537},
{"learn":[0.4002371925],"iteration":570,"passed_time":80.25217225,"remaining_time":60.29453922},
{"learn":[0.4002139593],"iteration":571,"passed_time":80.38158456,"remaining_time":60.14566117},
{"learn":[0.400178814],"iteration":572,"passed_time":80.52462537,"remaining_time":60.00700704},
{"learn":[0.4001625916],"iteration":573,"passed_time":80.67518329,"remaining_time":59.87391652},
{"learn":[0.4001362174],"iteration":574,"passed_time":80.8174748,"remaining_time":59.73465529},
{"learn":[0.4001145837],"iteration":575,"passed_time":80.95520587,"remaining_time":59.59202654},
{"learn":[0.4000859201],"iteration":576,"passed_time":81.09012488,"remaining_time":59.44735325},
{"learn":[0.4000707659],"iteration":577,"passed_time":81.24149525,"remaining_time":59.3147249},
{"learn":[0.4000302334],"iteration":578,"passed_time":81.38566859,"remaining_time":59.17679875},
{"learn":[0.4000052888],"iteration":579,"passed_time":81.53723996,"remaining_time":59.04420825},
{"learn":[0.3999506822],"iteration":580,"passed_time":81.68859976,"remaining_time":58.91139982},
{"learn":[0.3999192505],"iteration":581,"passed_time":81.82846117,"remaining_time":58.77026936},
{"learn":[0.3998967063],"iteration":582,"passed_time":81.96095213,"remaining_time":58.62387142},
{"learn":[0.3998806133],"iteration":583,"passed_time":82.09079675,"remaining_time":58.47563604},
{"learn":[0.3998574558],"iteration":584,"passed_time":82.2340659,"remaining_time":58.33698692},
{"learn":[0.3998222484],"iteration":585,"passed_time":82.36882899,"remaining_time":58.19231263},
{"learn":[0.3997927426],"iteration":586,"passed_time":82.50573527,"remaining_time":58.04918001},
{"learn":[0.3997640853],"iteration":587,"passed_time":82.63372555,"remaining_time":57.8998213},
{"learn":[0.3997438671],"iteration":588,"passed_time":82.79488459,"remaining_time":57.77368008},
{"learn":[0.3997282299],"iteration":589,"passed_time":82.93595344,"remaining_time":57.63345917},
{"learn":[0.3996989123],"iteration":590,"passed_time":83.07327165,"remaining_time":57.49063977},
{"learn":[0.39966664],"iteration":591,"passed_time":83.24012176,"remaining_time":57.36819203},
{"learn":[0.3996355209],"iteration":592,"passed_time":83.38383806,"remaining_time":57.22971684},
{"learn":[0.399597228],"iteration":593,"passed_time":83.53334033,"remaining_time":57.09517875},
{"learn":[0.3995824915],"iteration":594,"passed_time":83.66521663,"remaining_time":56.94859283},
{"learn":[0.3995595285],"iteration":595,"passed_time":83.80104571,"remaining_time":56.80473569},
{"learn":[0.3995460773],"iteration":596,"passed_time":83.91363599,"remaining_time":56.64521826},
{"learn":[0.3995235034],"iteration":597,"passed_time":84.06335843,"remaining_time":56.51081955},
{"learn":[0.3994514108],"iteration":598,"passed_time":84.2191789,"remaining_time":56.38045198},
{"learn":[0.3994266886],"iteration":599,"passed_time":84.36115439,"remaining_time":56.2407696},
{"learn":[0.3994011581],"iteration":600,"passed_time":84.49554964,"remaining_time":56.0960471},
{"learn":[0.3993769315],"iteration":601,"passed_time":84.64434441,"remaining_time":55.96087886},
{"learn":[0.3993072684],"iteration":602,"passed_time":84.7982423,"remaining_time":55.8290252},
{"learn":[0.3992872845],"iteration":603,"passed_time":84.92808957,"remaining_time":55.68133025},
{"learn":[0.3991946775],"iteration":604,"passed_time":85.10151245,"remaining_time":55.56214449},
{"learn":[0.3991664653],"iteration":605,"passed_time":85.23610232,"remaining_time":55.41753187},
{"learn":[0.3991476427],"iteration":606,"passed_time":85.38769418,"remaining_time":55.28396015},
{"learn":[0.3991106432],"iteration":607,"passed_time":85.53525555,"remaining_time":55.14773055},
{"learn":[0.399088818],"iteration":608,"passed_time":85.6590837,"remaining_time":54.99622615},
{"learn":[0.3990711802],"iteration":609,"passed_time":85.80887129,"remaining_time":54.86140951},
{"learn":[0.3990461936],"iteration":610,"passed_time":85.96057227,"remaining_time":54.72776205},
{"learn":[0.3989876349],"iteration":611,"passed_time":86.08879293,"remaining_time":54.57916937},
{"learn":[0.3989729213],"iteration":612,"passed_time":86.23326352,"remaining_time":54.44090209},
{"learn":[0.398952068],"iteration":613,"passed_time":86.40728397,"remaining_time":54.32119155},
{"learn":[0.398932351],"iteration":614,"passed_time":86.54701189,"remaining_time":54.17983671},
{"learn":[0.3989087419],"iteration":615,"passed_time":86.68195161,"remaining_time":54.0355023},
{"learn":[0.3988626576],"iteration":616,"passed_time":86.82436912,"remaining_time":53.89584015},
{"learn":[0.3988439473],"iteration":617,"passed_time":86.96630447,"remaining_time":53.75587105},
{"learn":[0.3987942597],"iteration":618,"passed_time":87.09837572,"remaining_time":53.60982415},
{"learn":[0.3987457875],"iteration":619,"passed_time":87.24231299,"remaining_time":53.47109506},
{"learn":[0.398713216],"iteration":620,"passed_time":87.4225764,"remaining_time":53.35451925},
{"learn":[0.3986906511],"iteration":621,"passed_time":87.56927519,"remaining_time":53.21734087},
{"learn":[0.398668711],"iteration":622,"passed_time":87.71442251,"remaining_time":53.07919307},
{"learn":[0.3986530239],"iteration":623,"passed_time":87.85091975,"remaining_time":52.93581062},
{"learn":[0.3986203188],"iteration":624,"passed_time":87.97968667,"remaining_time":52.787812},
{"learn":[0.3985725755],"iteration":625,"passed_time":88.13240645,"remaining_time":52.65418533},
{"learn":[0.3985583655],"iteration":626,"passed_time":88.26562218,"remaining_time":52.50889486},
{"learn":[0.3985282536],"iteration":627,"passed_time":88.41668131,"remaining_time":52.3742125},
{"learn":[0.3984957822],"iteration":628,"passed_time":88.5456887,"remaining_time":52.22647139},
{"learn":[0.3984613551],"iteration":629,"passed_time":88.67450038,"remaining_time":52.07867482},
{"learn":[0.3984101444],"iteration":630,"passed_time":88.81766122,"remaining_time":51.93932962},
{"learn":[0.3983808842],"iteration":631,"passed_time":88.95623878,"remaining_time":51.79730359},
{"learn":[0.3983396645],"iteration":632,"passed_time":89.08326991,"remaining_time":51.64859409},
{"learn":[0.3982970777],"iteration":633,"passed_time":89.20368548,"remaining_time":51.49613389},
{"learn":[0.3982708795],"iteration":634,"passed_time":89.34008921,"remaining_time":51.35296467},
{"learn":[0.3982420752],"iteration":635,"passed_time":89.49311729,"remaining_time":51.21933128},
{"learn":[0.3982162544],"iteration":636,"passed_time":89.6319606,"remaining_time":51.07755369},
{"learn":[0.3981922354],"iteration":637,"passed_time":89.74743361,"remaining_time":50.92252503},
{"learn":[0.3981560304],"iteration":638,"passed_time":89.90131303,"remaining_time":50.78931769},
{"learn":[0.3981244958],"iteration":639,"passed_time":90.00980836,"remaining_time":50.6305172},
{"learn":[0.3980947326],"iteration":640,"passed_time":90.11692291,"remaining_time":50.47110035},
{"learn":[0.3980577902],"iteration":641,"passed_time":90.25532476,"remaining_time":50.32929325},
{"learn":[0.3980306648],"iteration":642,"passed_time":90.39343823,"remaining_time":50.18733662},
{"learn":[0.3980249966],"iteration":643,"passed_time":90.54625193,"remaining_time":50.05351815},
{"learn":[0.3980084906],"iteration":644,"passed_time":90.66952803,"remaining_time":49.90338364},
{"learn":[0.3979855507],"iteration":645,"passed_time":90.81071,"remaining_time":49.76314449},
{"learn":[0.3979717751],"iteration":646,"passed_time":90.96672632,"remaining_time":49.63099597},
{"learn":[0.3979194792],"iteration":647,"passed_time":91.10844072,"remaining_time":49.49100484},
{"learn":[0.3978922304],"iteration":648,"passed_time":91.22219707,"remaining_time":49.33588778},
{"learn":[0.3978513273],"iteration":649,"passed_time":91.3605336,"remaining_time":49.19413348},
{"learn":[0.3978125974],"iteration":650,"passed_time":91.50967639,"remaining_time":49.05818289},
{"learn":[0.3977820227],"iteration":651,"passed_time":91.64569517,"remaining_time":48.91518699},
{"learn":[0.3977107852],"iteration":652,"passed_time":91.79438694,"remaining_time":48.77894681},
{"learn":[0.3976850554],"iteration":653,"passed_time":91.92987126,"remaining_time":48.63568112},
{"learn":[0.3976509785],"iteration":654,"passed_time":92.05829404,"remaining_time":48.48871976},
{"learn":[0.3976007515],"iteration":655,"passed_time":92.18713361,"remaining_time":48.34203348},
{"learn":[0.3975745099],"iteration":656,"passed_time":92.32933542,"remaining_time":48.20237755},
{"learn":[0.3975287157],"iteration":657,"passed_time":92.45834898,"remaining_time":48.0558592},
{"learn":[0.3974890246],"iteration":658,"passed_time":92.61568601,"remaining_time":47.92404997},
{"learn":[0.3974022016],"iteration":659,"passed_time":92.77275202,"remaining_time":47.79202377},
{"learn":[0.3973759803],"iteration":660,"passed_time":92.91402082,"remaining_time":47.65182006},
{"learn":[0.397341414],"iteration":661,"passed_time":93.04215968,"remaining_time":47.50490932},
{"learn":[0.3973017709],"iteration":662,"passed_time":93.18357591,"remaining_time":47.36480404},
{"learn":[0.3972791961],"iteration":663,"passed_time":93.33099846,"remaining_time":47.22773416},
{"learn":[0.3972565459],"iteration":664,"passed_time":93.48490882,"remaining_time":47.09390143},
{"learn":[0.397237289],"iteration":665,"passed_time":93.61360253,"remaining_time":46.94736223},
{"learn":[0.3972258484],"iteration":666,"passed_time":93.73552594,"remaining_time":46.79749646},
{"learn":[0.3972027283],"iteration":667,"passed_time":93.87617208,"remaining_time":46.65701966},
{"learn":[0.3971773303],"iteration":668,"passed_time":94.02872124,"remaining_time":46.52243159},
{"learn":[0.3971528735],"iteration":669,"passed_time":94.17344461,"remaining_time":46.3839354},
{"learn":[0.3971297442],"iteration":670,"passed_time":94.31518844,"remaining_time":46.24395976},
{"learn":[0.397084178],"iteration":671,"passed_time":94.45509638,"remaining_time":46.10308276},
{"learn":[0.3970703479],"iteration":672,"passed_time":94.61037819,"remaining_time":45.96967856},
{"learn":[0.3970580759],"iteration":673,"passed_time":94.75407775,"remaining_time":45.83060734},
{"learn":[0.397033202],"iteration":674,"passed_time":94.9089442,"remaining_time":45.69689906},
{"learn":[0.3970162825],"iteration":675,"passed_time":95.07099528,"remaining_time":45.5665717},
{"learn":[0.3969866708],"iteration":676,"passed_time":95.20277334,"remaining_time":45.42170722},
{"learn":[0.3969501487],"iteration":677,"passed_time":95.34868451,"remaining_time":45.28359353},
{"learn":[0.396930241],"iteration":678,"passed_time":95.48903356,"remaining_time":45.14282735},
{"learn":[0.3969156716],"iteration":679,"passed_time":95.63726887,"remaining_time":45.00577359},
{"learn":[0.3968809699],"iteration":680,"passed_time":95.76987154,"remaining_time":44.8613642},
{"learn":[0.396862831],"iteration":681,"passed_time":95.92137453,"remaining_time":44.7258022},
{"learn":[0.3968340399],"iteration":682,"passed_time":96.06046549,"remaining_time":44.58443274},
{"learn":[0.3968217643],"iteration":683,"passed_time":96.19622872,"remaining_time":44.44153257},
{"learn":[0.3967862574],"iteration":684,"passed_time":96.34387547,"remaining_time":44.30411792},
{"learn":[0.3967615198],"iteration":685,"passed_time":96.48864675,"remaining_time":44.16535726},
{"learn":[0.3967318877],"iteration":686,"passed_time":96.62427506,"remaining_time":44.02241353},
{"learn":[0.3966850925],"iteration":687,"passed_time":96.77391392,"remaining_time":43.88584468},
{"learn":[0.3966701039],"iteration":688,"passed_time":96.92440797,"remaining_time":43.74962392},
{"learn":[0.3966555403],"iteration":689,"passed_time":97.06918255,"remaining_time":43.61079216},
{"learn":[0.3966276921],"iteration":690,"passed_time":97.21403208,"remaining_time":43.47197672},
{"learn":[0.3966087365],"iteration":691,"passed_time":97.34829979,"remaining_time":43.32843401},
{"learn":[0.3965907238],"iteration":692,"passed_time":97.4570331,"remaining_time":43.17360629},
{"learn":[0.3965470349],"iteration":693,"passed_time":97.58206906,"remaining_time":43.02609961},
{"learn":[0.3965207472],"iteration":694,"passed_time":97.71007672,"remaining_time":42.87996173},
{"learn":[0.3964796563],"iteration":695,"passed_time":97.8292513,"remaining_time":42.73001781},
{"learn":[0.3964496488],"iteration":696,"passed_time":97.97758362,"remaining_time":42.59283764},
{"learn":[0.3964315808],"iteration":697,"passed_time":98.11284523,"remaining_time":42.44997029},
{"learn":[0.3964130863],"iteration":698,"passed_time":98.2498065,"remaining_time":42.30785659},
{"learn":[0.3963784887],"iteration":699,"passed_time":98.39084585,"remaining_time":42.16750536},
{"learn":[0.3963556518],"iteration":700,"passed_time":98.51634666,"remaining_time":42.02052447},
{"learn":[0.3963345049],"iteration":701,"passed_time":98.64540909,"remaining_time":41.87511668},
{"learn":[0.3963107321],"iteration":702,"passed_time":98.77630859,"remaining_time":41.73053151},
{"learn":[0.3962900259],"iteration":703,"passed_time":98.91751125,"remaining_time":41.59031723},
{"learn":[0.3962495023],"iteration":704,"passed_time":99.04170395,"remaining_time":41.44298251},
{"learn":[0.396215025],"iteration":705,"passed_time":99.1530001,"remaining_time":41.29034282},
{"learn":[0.3961861866],"iteration":706,"passed_time":99.2738591,"remaining_time":41.14178319},
{"learn":[0.3961373799],"iteration":707,"passed_time":99.43360664,"remaining_time":41.00934059},
{"learn":[0.3960955558],"iteration":708,"passed_time":99.58222994,"remaining_time":40.87225517},
{"learn":[0.3960332798],"iteration":709,"passed_time":99.73285225,"remaining_time":40.73595374},
{"learn":[0.3959919234],"iteration":710,"passed_time":99.88151803,"remaining_time":40.59881675},
{"learn":[0.3959662311],"iteration":711,"passed_time":100.0342287,"remaining_time":40.46328353},
{"learn":[0.3959359255],"iteration":712,"passed_time":100.182374,"remaining_time":40.32586443},
{"learn":[0.3959078385],"iteration":713,"passed_time":100.3204685,"remaining_time":40.18438933},
{"learn":[0.3958885746],"iteration":714,"passed_time":100.4673875,"remaining_time":40.04644117},
{"learn":[0.3958498524],"iteration":715,"passed_time":100.6110547,"remaining_time":39.90717814},
{"learn":[0.3958223001],"iteration":716,"passed_time":100.7403713,"remaining_time":39.7622386},
{"learn":[0.3957890183],"iteration":717,"passed_time":100.8867476,"remaining_time":39.62404291},
{"learn":[0.3957612021],"iteration":718,"passed_time":101.036421,"remaining_time":39.48711308},
{"learn":[0.3957426626],"iteration":719,"passed_time":101.1572589,"remaining_time":39.33893401},
{"learn":[0.3957280831],"iteration":720,"passed_time":101.3042146,"remaining_time":39.20093739},
{"learn":[0.3957148551],"iteration":721,"passed_time":101.4422353,"remaining_time":39.05947563},
{"learn":[0.3956700992],"iteration":722,"passed_time":101.5799842,"remaining_time":38.91791927},
{"learn":[0.3956391155],"iteration":723,"passed_time":101.7175529,"remaining_time":38.77630469},
{"learn":[0.3956239977],"iteration":724,"passed_time":101.8656548,"remaining_time":38.63869666},
{"learn":[0.3956038706],"iteration":725,"passed_time":101.9951447,"remaining_time":38.49403533},
{"learn":[0.3955731759],"iteration":726,"passed_time":102.1272543,"remaining_time":38.35039948},
{"learn":[0.3955554777],"iteration":727,"passed_time":102.273604,"remaining_time":38.21211578},
{"learn":[0.3955229344],"iteration":728,"passed_time":102.3973775,"remaining_time":38.06541741},
{"learn":[0.3954870843],"iteration":729,"passed_time":102.5320244,"remaining_time":37.92280356},
{"learn":[0.3954522964],"iteration":730,"passed_time":102.6695882,"remaining_time":37.78128485},
{"learn":[0.3954324419],"iteration":731,"passed_time":102.7844725,"remaining_time":37.63147354},
{"learn":[0.3954062222],"iteration":732,"passed_time":102.900862,"remaining_time":37.48230579},
{"learn":[0.3953702689],"iteration":733,"passed_time":103.0314836,"remaining_time":37.33838506},
{"learn":[0.3953608935],"iteration":734,"passed_time":103.1596196,"remaining_time":37.19360434},
{"learn":[0.3953235286],"iteration":735,"passed_time":103.2974114,"remaining_time":37.05233234},
{"learn":[0.3952722029],"iteration":736,"passed_time":103.4395708,"remaining_time":36.91262837},
{"learn":[0.3952506675],"iteration":737,"passed_time":103.5729353,"remaining_time":36.76979547},
{"learn":[0.3952210518],"iteration":738,"passed_time":103.7128885,"remaining_time":36.62931514},
{"learn":[0.3952030438],"iteration":739,"passed_time":103.8748085,"remaining_time":36.49655435},
{"learn":[0.3951023389],"iteration":740,"passed_time":104.0226991,"remaining_time":36.35881116},
{"learn":[0.3950892899],"iteration":741,"passed_time":104.1634797,"remaining_time":36.21856843},
{"learn":[0.3950580654],"iteration":742,"passed_time":104.3035895,"remaining_time":36.0780922},
{"learn":[0.3950424621],"iteration":743,"passed_time":104.4685925,"remaining_time":35.94618236},
{"learn":[0.3949708542],"iteration":744,"passed_time":104.6256544,"remaining_time":35.81146562},
{"learn":[0.3949359218],"iteration":745,"passed_time":104.7576715,"remaining_time":35.6681616},
{"learn":[0.3948703688],"iteration":746,"passed_time":104.93808,"remaining_time":35.54127743},
{"learn":[0.3948525147],"iteration":747,"passed_time":105.076618,"remaining_time":35.40014402},
{"learn":[0.3947872636],"iteration":748,"passed_time":105.2222533,"remaining_time":35.26139596},
{"learn":[0.394751875],"iteration":749,"passed_time":105.3441377,"remaining_time":35.11471256},
{"learn":[0.3947293848],"iteration":750,"passed_time":105.4802381,"remaining_time":34.97280863},
{"learn":[0.3946876909],"iteration":751,"passed_time":105.6227787,"remaining_time":34.83304404},
{"learn":[0.394654303],"iteration":752,"passed_time":105.7579002,"remaining_time":34.69083845},
{"learn":[0.394598271],"iteration":753,"passed_time":105.9377191,"remaining_time":34.56323463},
{"learn":[0.3945742839],"iteration":754,"passed_time":106.0937265,"remaining_time":34.42776555},
{"learn":[0.394550803],"iteration":755,"passed_time":106.2357398,"remaining_time":34.28772556},
{"learn":[0.3945180457],"iteration":756,"passed_time":106.3840116,"remaining_time":34.14968932},
{"learn":[0.3944913711],"iteration":757,"passed_time":106.5232546,"remaining_time":34.00874354},
{"learn":[0.3944680393],"iteration":758,"passed_time":106.6647347,"remaining_time":33.86851261},
{"learn":[0.3944297231],"iteration":759,"passed_time":106.8124658,"remaining_time":33.73025236},
{"learn":[0.3944095257],"iteration":760,"passed_time":106.9726663,"remaining_time":33.59588336},
{"learn":[0.3943762264],"iteration":761,"passed_time":107.1115038,"remaining_time":33.45477416},
{"learn":[0.3943385629],"iteration":762,"passed_time":107.2745244,"remaining_time":33.32118254},
{"learn":[0.3943012736],"iteration":763,"passed_time":107.4252847,"remaining_time":33.18372668},
{"learn":[0.3942683348],"iteration":764,"passed_time":107.5856527,"remaining_time":33.04918742},
{"learn":[0.3942433027],"iteration":765,"passed_time":107.725519,"remaining_time":32.90831783},
{"learn":[0.3942151496],"iteration":766,"passed_time":107.8626786,"remaining_time":32.76662857},
{"learn":[0.394185058],"iteration":767,"passed_time":108.0312713,"remaining_time":32.63444654},
{"learn":[0.3941457051],"iteration":768,"passed_time":108.1880301,"remaining_time":32.49861501},
{"learn":[0.3941243299],"iteration":769,"passed_time":108.3437707,"remaining_time":32.362425},
{"learn":[0.3941044551],"iteration":770,"passed_time":108.4942558,"remaining_time":32.22462333},
{"learn":[0.3940238554],"iteration":771,"passed_time":108.6569031,"remaining_time":32.09038071},
{"learn":[0.3939962258],"iteration":772,"passed_time":108.7950076,"remaining_time":31.94885733},
{"learn":[0.3939693263],"iteration":773,"passed_time":108.9469393,"remaining_time":31.81138022},
{"learn":[0.3939450931],"iteration":774,"passed_time":109.0909465,"remaining_time":31.67156513},
{"learn":[0.3939187881],"iteration":775,"passed_time":109.2190022,"remaining_time":31.52713466},
{"learn":[0.3938874681],"iteration":776,"passed_time":109.3232185,"remaining_time":31.37590441},
{"learn":[0.3938769595],"iteration":777,"passed_time":109.4397033,"remaining_time":31.22829581},
{"learn":[0.3938605883],"iteration":778,"passed_time":109.5689935,"remaining_time":31.08439996},
{"learn":[0.3938305185],"iteration":779,"passed_time":109.7109952,"remaining_time":30.94412686},
{"learn":[0.3938095174],"iteration":780,"passed_time":109.8665663,"remaining_time":30.80765431},
{"learn":[0.3937900223],"iteration":781,"passed_time":110.0053431,"remaining_time":30.66645116},
{"learn":[0.3937694409],"iteration":782,"passed_time":110.1749198,"remaining_time":30.53379004},
{"learn":[0.3937380273],"iteration":783,"passed_time":110.3188384,"remaining_time":30.39396567},
{"learn":[0.3937255839],"iteration":784,"passed_time":110.4689081,"remaining_time":30.25581561},
{"learn":[0.3937065844],"iteration":785,"passed_time":110.6027341,"remaining_time":30.1132126},
{"learn":[0.3936964071],"iteration":786,"passed_time":110.7270616,"remaining_time":29.96806116},
{"learn":[0.3936629503],"iteration":787,"passed_time":110.8589777,"remaining_time":29.82500414},
{"learn":[0.3936426906],"iteration":788,"passed_time":110.9997689,"remaining_time":29.68434885},
{"learn":[0.3936181829],"iteration":789,"passed_time":111.1408835,"remaining_time":29.54377916},
{"learn":[0.3935931423],"iteration":790,"passed_time":111.271713,"remaining_time":29.40049054},
{"learn":[0.3935671499],"iteration":791,"passed_time":111.4051041,"remaining_time":29.25790613},
{"learn":[0.3935523235],"iteration":792,"passed_time":111.5430841,"remaining_time":29.11654275},
{"learn":[0.3935387542],"iteration":793,"passed_time":111.6703355,"remaining_time":28.97240443},
{"learn":[0.3935164159],"iteration":794,"passed_time":111.8105388,"remaining_time":28.83164837},
{"learn":[0.3934857899],"iteration":795,"passed_time":111.9293979,"remaining_time":28.6854236},
{"learn":[0.3934595637],"iteration":796,"passed_time":112.06648,"remaining_time":28.54390895},
{"learn":[0.3934332567],"iteration":797,"passed_time":112.206981,"remaining_time":28.40327087},
{"learn":[0.3934104724],"iteration":798,"passed_time":112.3317714,"remaining_time":28.25868093},
{"learn":[0.3933719371],"iteration":799,"passed_time":112.4529598,"remaining_time":28.11323996},
{"learn":[0.3933416319],"iteration":800,"passed_time":112.5947503,"remaining_time":27.97297791},
{"learn":[0.3933331615],"iteration":801,"passed_time":112.7113339,"remaining_time":27.82648892},
{"learn":[0.3932575977],"iteration":802,"passed_time":112.8687981,"remaining_time":27.69010365},
{"learn":[0.3932356582],"iteration":803,"passed_time":113.0095585,"remaining_time":27.54959386},
{"learn":[0.3932188319],"iteration":804,"passed_time":113.139872,"remaining_time":27.40655285},
{"learn":[0.3931920805],"iteration":805,"passed_time":113.285629,"remaining_time":27.26726058},
{"learn":[0.3931657111],"iteration":806,"passed_time":113.4145599,"remaining_time":27.12392819},
{"learn":[0.3931292929],"iteration":807,"passed_time":113.5646275,"remaining_time":26.98565406},
{"learn":[0.3931095911],"iteration":808,"passed_time":113.7166049,"remaining_time":26.84780164},
{"learn":[0.3930837163],"iteration":809,"passed_time":113.8494141,"remaining_time":26.70541812},
{"learn":[0.3930591942],"iteration":810,"passed_time":113.9795939,"remaining_time":26.56244544},
{"learn":[0.3930128423],"iteration":811,"passed_time":114.1299303,"remaining_time":26.42417105},
{"learn":[0.3929885149],"iteration":812,"passed_time":114.2788044,"remaining_time":26.28553066},
{"learn":[0.3929685204],"iteration":813,"passed_time":114.4202963,"remaining_time":26.14517827},
{"learn":[0.3929314767],"iteration":814,"passed_time":114.5638212,"remaining_time":26.00528456},
{"learn":[0.3929011733],"iteration":815,"passed_time":114.7172397,"remaining_time":25.86761288},
{"learn":[0.3928178269],"iteration":816,"passed_time":114.8809896,"remaining_time":25.73221676},
{"learn":[0.3927903586],"iteration":817,"passed_time":115.0150583,"remaining_time":25.59014744},
{"learn":[0.3927665466],"iteration":818,"passed_time":115.1639012,"remaining_time":25.45136278},
{"learn":[0.3927284543],"iteration":819,"passed_time":115.3220289,"remaining_time":25.31459172},
{"learn":[0.3927004843],"iteration":820,"passed_time":115.4725683,"remaining_time":25.17611415},
{"learn":[0.3926874526],"iteration":821,"passed_time":115.6174883,"remaining_time":25.03639041},
{"learn":[0.3926712903],"iteration":822,"passed_time":115.7729786,"remaining_time":24.89892735},
{"learn":[0.3926489045],"iteration":823,"passed_time":115.9225082,"remaining_time":24.76014738},
{"learn":[0.3926166029],"iteration":824,"passed_time":116.0631318,"remaining_time":24.6194522},
{"learn":[0.3925824471],"iteration":825,"passed_time":116.209483,"remaining_time":24.47996374},
{"learn":[0.3925578292],"iteration":826,"passed_time":116.3729767,"remaining_time":24.34404469},
{"learn":[0.3925442039],"iteration":827,"passed_time":116.5107612,"remaining_time":24.20271851},
{"learn":[0.3925151735],"iteration":828,"passed_time":116.665908,"remaining_time":24.06498224},
{"learn":[0.3924824538],"iteration":829,"passed_time":116.8064682,"remaining_time":23.92421639},
{"learn":[0.3924511103],"iteration":830,"passed_time":116.9333356,"remaining_time":23.78066632},
{"learn":[0.3924202391],"iteration":831,"passed_time":117.0832129,"remaining_time":23.64180261},
{"learn":[0.3924057104],"iteration":832,"passed_time":117.207985,"remaining_time":23.49787935},
{"learn":[0.3923865474],"iteration":833,"passed_time":117.350087,"remaining_time":23.35745137},
{"learn":[0.3923643161],"iteration":834,"passed_time":117.4885869,"remaining_time":23.21630759},
{"learn":[0.3923227516],"iteration":835,"passed_time":117.613007,"remaining_time":23.07240807},
{"learn":[0.3923007304],"iteration":836,"passed_time":117.7664943,"remaining_time":22.93421574},
{"learn":[0.3922617274],"iteration":837,"passed_time":117.9132335,"remaining_time":22.79468237},
{"learn":[0.3922421403],"iteration":838,"passed_time":118.0437483,"remaining_time":22.65201845},
{"learn":[0.3921756095],"iteration":839,"passed_time":118.2112856,"remaining_time":22.51643534},
{"learn":[0.3921483353],"iteration":840,"passed_time":118.3606072,"remaining_time":22.37733239},
{"learn":[0.392117952],"iteration":841,"passed_time":118.5194126,"remaining_time":22.23998479},
{"learn":[0.3920868479],"iteration":842,"passed_time":118.6495603,"remaining_time":22.09724908},
{"learn":[0.3920628795],"iteration":843,"passed_time":118.7932447,"remaining_time":21.95704522},
{"learn":[0.3920513221],"iteration":844,"passed_time":118.9441867,"remaining_time":21.81816442},
{"learn":[0.3920259215],"iteration":845,"passed_time":119.0970974,"remaining_time":21.67961348},
{"learn":[0.3919833675],"iteration":846,"passed_time":119.2567735,"remaining_time":21.5422507},
{"learn":[0.3919585239],"iteration":847,"passed_time":119.4047803,"remaining_time":21.40274364},
{"learn":[0.3919211534],"iteration":848,"passed_time":119.5456678,"remaining_time":21.26195033},
{"learn":[0.391891862],"iteration":849,"passed_time":119.7040323,"remaining_time":21.124241},
{"learn":[0.3918503763],"iteration":850,"passed_time":119.8349133,"remaining_time":20.98167107},
{"learn":[0.3918160257],"iteration":851,"passed_time":119.9969369,"remaining_time":20.84453834},
{"learn":[0.3917827419],"iteration":852,"passed_time":120.1343743,"remaining_time":20.70311023},
{"learn":[0.3917555457],"iteration":853,"passed_time":120.2919097,"remaining_time":20.56512741},
{"learn":[0.3917348728],"iteration":854,"passed_time":120.4404823,"remaining_time":20.42557887},
{"learn":[0.3917205088],"iteration":855,"passed_time":120.5629444,"remaining_time":20.28161682},
{"learn":[0.391707309],"iteration":856,"passed_time":120.7047206,"remaining_time":20.14092771},
{"learn":[0.3916452072],"iteration":857,"passed_time":120.8646108,"remaining_time":20.00323395},
{"learn":[0.3916171857],"iteration":858,"passed_time":121.0071649,"remaining_time":19.8626429},
{"learn":[0.3915810148],"iteration":859,"passed_time":121.1483255,"remaining_time":19.72182043},
{"learn":[0.3915383689],"iteration":860,"passed_time":121.2996916,"remaining_time":19.58264475},
{"learn":[0.3915052537],"iteration":861,"passed_time":121.4650136,"remaining_time":19.44567503},
{"learn":[0.3914825191],"iteration":862,"passed_time":121.5996455,"remaining_time":19.30376759},
{"learn":[0.3914550824],"iteration":863,"passed_time":121.7346615,"remaining_time":19.16193746},
{"learn":[0.3914315684],"iteration":864,"passed_time":121.8707929,"remaining_time":19.02029716},
{"learn":[0.3913978707],"iteration":865,"passed_time":121.997931,"remaining_time":18.87727801},
{"learn":[0.3913758926],"iteration":866,"passed_time":122.1147556,"remaining_time":18.73271337},
{"learn":[0.3913389579],"iteration":867,"passed_time":122.2381308,"remaining_time":18.58920882},
{"learn":[0.3913177635],"iteration":868,"passed_time":122.3681149,"remaining_time":18.44674689},
{"learn":[0.3913018249],"iteration":869,"passed_time":122.5057416,"remaining_time":18.30545564},
{"learn":[0.3912771994],"iteration":870,"passed_time":122.6424515,"remaining_time":18.16403701},
{"learn":[0.3912625069],"iteration":871,"passed_time":122.7673157,"remaining_time":18.02089038},
{"learn":[0.3912460889],"iteration":872,"passed_time":122.8953959,"remaining_time":17.87825347},
{"learn":[0.391229766],"iteration":873,"passed_time":123.0345993,"remaining_time":17.73725345},
{"learn":[0.3912133853],"iteration":874,"passed_time":123.1621598,"remaining_time":17.59459426},
{"learn":[0.3911921845],"iteration":875,"passed_time":123.2762839,"remaining_time":17.45006759},
{"learn":[0.3911551947],"iteration":876,"passed_time":123.4102947,"remaining_time":17.30839937},
{"learn":[0.3911161142],"iteration":877,"passed_time":123.5607677,"remaining_time":17.16903606},
{"learn":[0.3910951478],"iteration":878,"passed_time":123.6948441,"remaining_time":17.02739037},
{"learn":[0.3910773424],"iteration":879,"passed_time":123.8410043,"remaining_time":16.88740968},
{"learn":[0.3910481498],"iteration":880,"passed_time":123.9694847,"remaining_time":16.74502688},
{"learn":[0.391033014],"iteration":881,"passed_time":124.0921861,"remaining_time":16.60190244},
{"learn":[0.3910033462],"iteration":882,"passed_time":124.2240205,"remaining_time":16.46003443},
{"learn":[0.3909666445],"iteration":883,"passed_time":124.3800541,"remaining_time":16.32136457},
{"learn":[0.3909536071],"iteration":884,"passed_time":124.5344112,"remaining_time":16.18243762},
{"learn":[0.3908971095],"iteration":885,"passed_time":124.6958948,"remaining_time":16.04439279},
{"learn":[0.3908661684],"iteration":886,"passed_time":124.8336347,"remaining_time":15.90327026},
{"learn":[0.3908360869],"iteration":887,"passed_time":124.9633737,"remaining_time":15.76114623},
{"learn":[0.3907964146],"iteration":888,"passed_time":125.0765194,"remaining_time":15.61697823},
{"learn":[0.3907739317],"iteration":889,"passed_time":125.2097943,"remaining_time":15.47536784},
{"learn":[0.3907570472],"iteration":890,"passed_time":125.3608569,"remaining_time":15.33595219},
{"learn":[0.3907380871],"iteration":891,"passed_time":125.502291,"remaining_time":15.19534465},
{"learn":[0.3907180393],"iteration":892,"passed_time":125.6468338,"remaining_time":15.05510774},
{"learn":[0.3906915996],"iteration":893,"passed_time":125.7711523,"remaining_time":14.91246324},
{"learn":[0.3906613291],"iteration":894,"passed_time":125.9031197,"remaining_time":14.77075706},
{"learn":[0.3906351797],"iteration":895,"passed_time":126.0387399,"remaining_time":14.6294966},
{"learn":[0.3906194587],"iteration":896,"passed_time":126.1741637,"remaining_time":14.48822615},
{"learn":[0.3905917075],"iteration":897,"passed_time":126.2911571,"remaining_time":14.34487531},
{"learn":[0.3905623436],"iteration":898,"passed_time":126.4430753,"remaining_time":14.2055068},
{"learn":[0.3905506464],"iteration":899,"passed_time":126.5883377,"remaining_time":14.06537086},
{"learn":[0.3905109991],"iteration":900,"passed_time":126.7603437,"remaining_time":13.92816207},
{"learn":[0.3904829652],"iteration":901,"passed_time":126.8860045,"remaining_time":13.78584084},
{"learn":[0.390474115],"iteration":902,"passed_time":127.019465,"remaining_time":13.64439436},
{"learn":[0.3904581001],"iteration":903,"passed_time":127.1702825,"remaining_time":13.50480876},
{"learn":[0.39043338],"iteration":904,"passed_time":127.3223707,"remaining_time":13.36533173},
{"learn":[0.3903886283],"iteration":905,"passed_time":127.4966081,"remaining_time":13.2281249},
{"learn":[0.3903535301],"iteration":906,"passed_time":127.6332202,"remaining_time":13.08697848},
{"learn":[0.3903073824],"iteration":907,"passed_time":127.7860146,"remaining_time":12.94748165},
{"learn":[0.3902832439],"iteration":908,"passed_time":127.9365228,"remaining_time":12.80772671},
{"learn":[0.3902606641],"iteration":909,"passed_time":128.0716492,"remaining_time":12.66642684},
{"learn":[0.3902353163],"iteration":910,"passed_time":128.2241376,"remaining_time":12.52683672},
{"learn":[0.3902213615],"iteration":911,"passed_time":128.3594039,"remaining_time":12.38555652},
{"learn":[0.3901984757],"iteration":912,"passed_time":128.496955,"remaining_time":12.24450721},
{"learn":[0.3901666138],"iteration":913,"passed_time":128.6527954,"remaining_time":12.10518644},
{"learn":[0.3901311922],"iteration":914,"passed_time":128.7943377,"remaining_time":11.96450131},
{"learn":[0.390120537],"iteration":915,"passed_time":128.9241355,"remaining_time":11.82273731},
{"learn":[0.3900834454],"iteration":916,"passed_time":129.0622326,"remaining_time":11.68175061},
{"learn":[0.3900617194],"iteration":917,"passed_time":129.1897384,"remaining_time":11.53982413},
{"learn":[0.3900365506],"iteration":918,"passed_time":129.3469787,"remaining_time":11.40054981},
{"learn":[0.3900207226],"iteration":919,"passed_time":129.4861374,"remaining_time":11.25966412},
{"learn":[0.3899930583],"iteration":920,"passed_time":129.6288105,"remaining_time":11.11908364},
{"learn":[0.3899668216],"iteration":921,"passed_time":129.7896453,"remaining_time":10.98003507},
{"learn":[0.3899385754],"iteration":922,"passed_time":129.9271953,"remaining_time":10.83899679},
{"learn":[0.3899178697],"iteration":923,"passed_time":130.0710334,"remaining_time":10.69848326},
{"learn":[0.3899029058],"iteration":924,"passed_time":130.2177456,"remaining_time":10.55819559},
{"learn":[0.3898703815],"iteration":925,"passed_time":130.3613853,"remaining_time":10.4176485},
{"learn":[0.3898505381],"iteration":926,"passed_time":130.4964576,"remaining_time":10.27642007},
{"learn":[0.3898297342],"iteration":927,"passed_time":130.6124933,"remaining_time":10.13372793},
{"learn":[0.3897968214],"iteration":928,"passed_time":130.7475191,"remaining_time":9.992544517},
{"learn":[0.3897729198],"iteration":929,"passed_time":130.8976115,"remaining_time":9.852508389},
{"learn":[0.3897359394],"iteration":930,"passed_time":131.0444426,"remaining_time":9.712208958},
{"learn":[0.3896996073],"iteration":931,"passed_time":131.2001768,"remaining_time":9.572545089},
{"learn":[0.3896785718],"iteration":932,"passed_time":131.3483023,"remaining_time":9.432300379},
{"learn":[0.3896641076],"iteration":933,"passed_time":131.4737022,"remaining_time":9.290432919},
{"learn":[0.3896503598],"iteration":934,"passed_time":131.6221757,"remaining_time":9.150204728},
{"learn":[0.3896290975],"iteration":935,"passed_time":131.7705273,"remaining_time":9.009950582},
{"learn":[0.3896149853],"iteration":936,"passed_time":131.9122629,"remaining_time":8.869234324},
{"learn":[0.3895935665],"iteration":937,"passed_time":132.0469112,"remaining_time":8.728047435},
{"learn":[0.3895738438],"iteration":938,"passed_time":132.1911239,"remaining_time":8.5874958},
{"learn":[0.3895612749],"iteration":939,"passed_time":132.3490074,"remaining_time":8.447808985},
{"learn":[0.3895508978],"iteration":940,"passed_time":132.4758259,"remaining_time":8.306135736},
{"learn":[0.3895365686],"iteration":941,"passed_time":132.6143818,"remaining_time":8.165216712},
{"learn":[0.3895012415],"iteration":942,"passed_time":132.753985,"remaining_time":8.024366005},
{"learn":[0.389488132],"iteration":943,"passed_time":132.8952555,"remaining_time":7.88361685},
{"learn":[0.3894583921],"iteration":944,"passed_time":133.0271112,"remaining_time":7.742318644},
{"learn":[0.3894181033],"iteration":945,"passed_time":133.1494104,"remaining_time":7.600494883},
{"learn":[0.3894014103],"iteration":946,"passed_time":133.2916942,"remaining_time":7.459830829},
{"learn":[0.3893717582],"iteration":947,"passed_time":133.4298588,"remaining_time":7.318937403},
{"learn":[0.3893386112],"iteration":948,"passed_time":133.5502711,"remaining_time":7.177095708},
{"learn":[0.3893070907],"iteration":949,"passed_time":133.6964399,"remaining_time":7.03665473},
{"learn":[0.3892761915],"iteration":950,"passed_time":133.8619594,"remaining_time":6.897198748},
{"learn":[0.3892487895],"iteration":951,"passed_time":134.003845,"remaining_time":6.756496387},
{"learn":[0.3892020207],"iteration":952,"passed_time":134.1445107,"remaining_time":6.615731375},
{"learn":[0.3891223917],"iteration":953,"passed_time":134.3038762,"remaining_time":6.475868246},
{"learn":[0.3891077035],"iteration":954,"passed_time":134.4134742,"remaining_time":6.333619205},
{"learn":[0.3890966838],"iteration":955,"passed_time":134.5533248,"remaining_time":6.192830847},
{"learn":[0.389045434],"iteration":956,"passed_time":134.7054566,"remaining_time":6.052596275},
{"learn":[0.3890278295],"iteration":957,"passed_time":134.8662327,"remaining_time":5.912715838},
{"learn":[0.3889892175],"iteration":958,"passed_time":135.015285,"remaining_time":5.772290598},
{"learn":[0.3889632996],"iteration":959,"passed_time":135.1569629,"remaining_time":5.631540122},
{"learn":[0.3889332273],"iteration":960,"passed_time":135.2874878,"remaining_time":5.490335094},
{"learn":[0.3889001002],"iteration":961,"passed_time":135.4379332,"remaining_time":5.349939148},
{"learn":[0.3888822432],"iteration":962,"passed_time":135.5830085,"remaining_time":5.209316008},
{"learn":[0.3888526216],"iteration":963,"passed_time":135.7316106,"remaining_time":5.068815332},
{"learn":[0.3888220043],"iteration":964,"passed_time":135.8499448,"remaining_time":4.92720007},
{"learn":[0.3887622017],"iteration":965,"passed_time":136.004648,"remaining_time":4.786913078},
{"learn":[0.3887421442],"iteration":966,"passed_time":136.1288541,"remaining_time":4.645555516},
{"learn":[0.388721792],"iteration":967,"passed_time":136.2619636,"remaining_time":4.504527722},
{"learn":[0.3886944015],"iteration":968,"passed_time":136.3973999,"remaining_time":4.363590708},
{"learn":[0.3886688781],"iteration":969,"passed_time":136.5265255,"remaining_time":4.222469862},
{"learn":[0.3886356551],"iteration":970,"passed_time":136.6699936,"remaining_time":4.081802074},
{"learn":[0.3886041902],"iteration":971,"passed_time":136.8151699,"remaining_time":3.941177734},
{"learn":[0.3885835736],"iteration":972,"passed_time":136.9655267,"remaining_time":3.80068779},
{"learn":[0.38857461],"iteration":973,"passed_time":137.104585,"remaining_time":3.659875985},
{"learn":[0.3885564529],"iteration":974,"passed_time":137.2479029,"remaining_time":3.519176997},
{"learn":[0.3885334254],"iteration":975,"passed_time":137.382587,"remaining_time":3.378260336},
{"learn":[0.3884548937],"iteration":976,"passed_time":137.5320209,"remaining_time":3.237703665},
{"learn":[0.3884377087],"iteration":977,"passed_time":137.662923,"remaining_time":3.09671197},
{"learn":[0.3884058934],"iteration":978,"passed_time":137.8077283,"remaining_time":2.956039116},
{"learn":[0.3883838092],"iteration":979,"passed_time":137.9657748,"remaining_time":2.815628058},
{"learn":[0.3883540922],"iteration":980,"passed_time":138.1160669,"remaining_time":2.675030857},
{"learn":[0.3883259217],"iteration":981,"passed_time":138.2596021,"remaining_time":2.53429006},
{"learn":[0.3882842822],"iteration":982,"passed_time":138.4111298,"remaining_time":2.393681798},
{"learn":[0.3882496556],"iteration":983,"passed_time":138.5490131,"remaining_time":2.252829481},
{"learn":[0.3882093524],"iteration":984,"passed_time":138.697917,"remaining_time":2.11215102},
{"learn":[0.3881902112],"iteration":985,"passed_time":138.8485311,"remaining_time":1.971480157},
{"learn":[0.3881648119],"iteration":986,"passed_time":139.0079727,"remaining_time":1.830905415},
{"learn":[0.3881475549],"iteration":987,"passed_time":139.1493607,"remaining_time":1.690073207},
{"learn":[0.3881271202],"iteration":988,"passed_time":139.2915965,"remaining_time":1.549249304},
{"learn":[0.3880949707],"iteration":989,"passed_time":139.45162,"remaining_time":1.408602223},
{"learn":[0.3880722618],"iteration":990,"passed_time":139.5768076,"remaining_time":1.267599665},
{"learn":[0.3880404537],"iteration":991,"passed_time":139.7142785,"remaining_time":1.126728052},
{"learn":[0.3880302388],"iteration":992,"passed_time":139.865453,"remaining_time":0.9859598904},
{"learn":[0.3879894502],"iteration":993,"passed_time":140.0504231,"remaining_time":0.8453747872},
{"learn":[0.3879513646],"iteration":994,"passed_time":140.2037194,"remaining_time":0.7045413037},
{"learn":[0.3879319688],"iteration":995,"passed_time":140.3545817,"remaining_time":0.563673019},
{"learn":[0.387911803],"iteration":996,"passed_time":140.4854447,"remaining_time":0.4227245076},
{"learn":[0.3878957884],"iteration":997,"passed_time":140.6105687,"remaining_time":0.2817847067},
{"learn":[0.3878810472],"iteration":998,"passed_time":140.7693411,"remaining_time":0.1409102514},
{"learn":[0.3878523412],"iteration":999,"passed_time":140.913326,"remaining_time":0}
]}